Date,USD,EUR,GBP,JPY
07-Sep-2018,71.9009,83.6744,93.0364,64.98
06-Sep-2018,71.9214,83.6005,92.8007,64.56
05-Sep-2018,71.7533,83.131,92.2255,64.36
04-Sep-2018,71.1857,82.4919,91.4603,63.92
03-Sep-2018,70.7695,82.1445,91.3582,63.8
31-Aug-2018,70.9255,82.8391,92.353,63.91
30-Aug-2018,70.7329,82.7184,92.1518,63.34
29-Aug-2018,70.5046,82.3376,90.6257,63.42
28-Aug-2018,70.1687,81.9266,90.3263,63.08
27-Aug-2018,70.0366,81.3032,89.9541,63.07
24-Aug-2018,70.1377,81.1699,89.9694,62.98
23-Aug-2018,70.0656,81.0486,90.2576,63.21
21-Aug-2018,69.6668,80.2478,89.3997,63.3
20-Aug-2018,69.7617,79.672,88.8741,63.09
16-Aug-2018,70.2287,79.9718,89.367,63.35
14-Aug-2018,69.7696,79.6997,89.2311,62.9
13-Aug-2018,69.4685,79.1876,88.6274,62.97
10-Aug-2018,68.9538,78.9985,88.1901,62.15
09-Aug-2018,68.624,79.6327,88.3475,61.8
08-Aug-2018,68.6465,79.7169,88.8167,61.74
07-Aug-2018,68.8,79.5599,89.135,61.81
06-Aug-2018,68.6833,79.3805,89.2585,61.71
03-Aug-2018,68.7933,79.6746,89.5171,61.58
02-Aug-2018,68.3566,79.5748,89.5221,61.23
01-Aug-2018,68.6058,80.1151,89.9344,61.21
31-Jul-2018,68.6068,80.3687,90.0862,61.69
30-Jul-2018,68.7531,80.1597,90.1454,61.89
27-Jul-2018,68.7041,79.9821,89.9891,61.84
26-Jul-2018,68.7017,80.6045,90.6633,62.09
25-Jul-2018,68.8028,80.4497,90.5812,61.88
24-Jul-2018,69.053,80.5434,90.3015,61.98
23-Jul-2018,68.704,80.5619,90.2766,61.93
20-Jul-2018,68.8458,80.3114,89.6671,61.27
19-Jul-2018,68.8331,80.1153,89.93,61.01
18-Jul-2018,68.5652,79.7363,89.7258,60.65
17-Jul-2018,68.2978,80.1006,90.516,60.78
16-Jul-2018,68.5877,80.2526,90.8481,61.02
13-Jul-2018,68.4094,79.7617,90.071,60.77
12-Jul-2018,68.6313,80.165,90.672,61.15
11-Jul-2018,68.829,80.7947,91.3453,61.98
10-Jul-2018,68.7942,80.78,91.1051,61.93
09-Jul-2018,68.6573,80.7822,91.4653,62.16
06-Jul-2018,68.8757,80.6328,91.1432,62.25
05-Jul-2018,68.7545,80.4771,91.0722,62.17
04-Jul-2018,68.5312,80.0239,90.5229,62.09
03-Jul-2018,68.6935,80.0211,90.3457,61.91
02-Jul-2018,68.6227,79.9592,90.431,62
29-Jun-2018,68.5753,79.8491,89.9296,62.02
28-Jun-2018,68.9389,79.6382,90.2134,62.53
27-Jun-2018,68.5246,79.8654,90.6032,62.36
26-Jun-2018,68.1676,79.7425,90.472,62.17
25-Jun-2018,68.1466,79.3499,90.2738,62.27
22-Jun-2018,67.7695,78.8566,89.9572,61.61
21-Jun-2018,68.195,78.7925,89.581,61.61
20-Jun-2018,68.0838,78.8274,89.5983,61.82
19-Jun-2018,68.1511,79.1575,90.3071,62.19
18-Jun-2018,68.0248,78.8543,90.2485,61.55
15-Jun-2018,67.9739,78.605,89.9974,61.34
14-Jun-2018,67.6875,79.9254,90.6809,61.52
13-Jun-2018,67.6251,79.3919,90.3336,61.15
12-Jun-2018,67.4571,79.3498,90.062,61.1
11-Jun-2018,67.3353,79.523,90.3707,61.24
08-Jun-2018,67.5228,79.5824,90.6021,61.6
07-Jun-2018,67.0181,79.1015,90.0455,60.91
06-Jun-2018,67.0397,78.6778,89.9472,61.02
05-Jun-2018,67.1794,78.5394,89.4292,61.14
04-Jun-2018,67.0543,78.3597,89.6181,61.14
01-Jun-2018,67.184,78.4104,89.1397,61.56
31-May-2018,67.4526,78.7914,89.7929,62.04
30-May-2018,67.6288,78.1992,89.7028,62.21
29-May-2018,67.8201,78.6984,90.1668,62.27
28-May-2018,67.443,79.0027,89.888,61.75
25-May-2018,68.26,79.8847,91.2158,62.38
24-May-2018,68.3872,80.143,91.4405,62.4
23-May-2018,68.2139,80.24,91.4271,61.74
22-May-2018,68.0187,80.0716,91.2471,61.25
21-May-2018,68.0883,79.9289,91.4085,61.15
18-May-2018,67.9577,80.2784,91.8788,61.31
17-May-2018,67.7156,79.8909,91.6463,61.28
16-May-2018,67.8276,80.2943,91.6826,61.52
15-May-2018,67.5288,80.5281,91.488,61.44
14-May-2018,67.3153,80.5091,91.2459,61.54
11-May-2018,67.2203,80.0863,90.8751,61.43
10-May-2018,67.3786,79.8908,91.3856,61.34
09-May-2018,67.3815,79.746,91.0863,61.49
08-May-2018,67.0809,80.0074,91.1361,61.56
07-May-2018,67.106,80.1179,90.8481,61.44
04-May-2018,66.7681,79.9682,90.5843,61.17
03-May-2018,66.6093,79.8579,90.602,60.79
02-May-2018,66.6636,80.0097,90.6625,60.71
27-Apr-2018,66.7801,80.7438,92.8911,61.08
26-Apr-2018,66.8299,81.3788,93.1676,61.12
25-Apr-2018,66.6983,81.4253,93.1375,61.12
24-Apr-2018,66.3622,81.0548,92.5089,60.98
23-Apr-2018,66.2177,81.269,92.8438,61.4
20-Apr-2018,66.0167,81.458,92.7271,61.4
19-Apr-2018,65.7837,81.3876,93.4194,61.22
18-Apr-2018,65.6814,81.3004,93.9835,61.21
17-Apr-2018,65.6124,81.32,94.2063,61.35
16-Apr-2018,65.4476,80.7362,93.2759,61.02
13-Apr-2018,65.2226,80.3412,92.7726,60.64
12-Apr-2018,65.3496,80.7982,92.7049,61.15
11-Apr-2018,65.1272,80.5884,92.5197,60.84
10-Apr-2018,64.9368,79.9047,91.7492,60.58
09-Apr-2018,64.9287,79.687,91.4975,60.66
06-Apr-2018,64.9884,79.5133,90.9578,60.54
05-Apr-2018,65.0601,79.7767,91.5005,60.78
04-Apr-2018,65.0232,79.79,91.4941,61
03-Apr-2018,65.024,80.0901,91.4563,61.31
28-Mar-2018,65.0441,80.6222,92.2846,61.54
27-Mar-2018,64.7973,80.7634,92.2584,61.36
26-Mar-2018,64.9055,80.2557,91.8672,61.82
23-Mar-2018,65.1333,80.3354,91.9552,62.13
22-Mar-2018,65.0622,80.3713,92.063,61.44
21-Mar-2018,65.2162,79.9616,91.3288,61.28
20-Mar-2018,65.1993,80.4625,91.4942,61.33
19-Mar-2018,65.0375,79.775,90.5582,61.5
16-Mar-2018,64.8737,79.9114,90.4858,61.27
15-Mar-2018,64.9366,80.3201,90.7229,61.27
14-Mar-2018,64.9875,80.5845,90.8265,60.99
13-Mar-2018,64.9567,80.0916,90.2314,60.85
12-Mar-2018,65.0199,80.0915,90.1241,60.96
09-Mar-2018,65.0784,80.1636,89.8537,60.97
08-Mar-2018,64.9212,80.5412,90.2275,61.26
07-Mar-2018,64.9627,80.7486,90.3371,61.55
06-Mar-2018,64.9941,80.2092,89.9063,61.2
05-Mar-2018,65.053,80.0347,89.6951,61.64
01-Mar-2018,65.2261,79.5041,89.7055,61.07
28-Feb-2018,65.1031,79.5885,90.4477,60.8
27-Feb-2018,64.8514,79.9683,90.5844,60.71
26-Feb-2018,64.6639,79.6983,90.6523,60.69
23-Feb-2018,64.8227,79.7643,90.4017,60.59
22-Feb-2018,65.0458,79.8307,90.4137,60.55
21-Feb-2018,64.8161,79.9442,90.6583,60.17
20-Feb-2018,64.5254,79.8566,90.1291,60.35
16-Feb-2018,63.9097,80.1683,90.3108,60.46
15-Feb-2018,63.9222,79.679,89.5486,60.05
14-Feb-2018,64.1259,79.3879,89.1735,59.84
12-Feb-2018,64.2838,78.9341,89.0202,59.14
09-Feb-2018,64.3686,78.8902,89.7105,59.06
08-Feb-2018,64.1616,78.7455,89.191,58.5
07-Feb-2018,64.1377,79.4345,89.4977,58.71
06-Feb-2018,64.2723,79.5241,89.7177,59.05
05-Feb-2018,64.0295,79.7295,90.4033,58.22
02-Feb-2018,64.0781,80.0335,91.3369,58.36
01-Feb-2018,63.6113,78.948,90.1754,58.09
31-Jan-2018,63.6878,79.2149,90.3539,58.6
30-Jan-2018,63.7534,78.7546,89.3886,58.62
29-Jan-2018,63.547,78.8682,89.8237,58.38
25-Jan-2018,63.4983,79.0681,90.9169,58.36
24-Jan-2018,63.6439,78.4538,89.3242,57.92
23-Jan-2018,63.7722,78.2166,89.2046,57.57
22-Jan-2018,63.8895,78.1241,88.5956,57.64
19-Jan-2018,63.7183,78.1441,88.6449,57.49
18-Jan-2018,63.8431,77.8822,88.2822,57.41
17-Jan-2018,63.9797,78.3495,88.1256,57.74
16-Jan-2018,63.7602,78.2019,87.9126,57.5
15-Jan-2018,63.4125,77.4457,87.1795,57.23
12-Jan-2018,63.5263,76.5301,86.0527,57.09
11-Jan-2018,63.7364,76.1395,86.0123,57.03
10-Jan-2018,63.8264,76.1385,86.2805,56.81
09-Jan-2018,63.469,75.9153,86.1528,56.33
08-Jan-2018,63.3482,76.1509,85.8875,55.95
05-Jan-2018,63.3823,76.5024,86.0225,56.06
04-Jan-2018,63.3914,76.2472,85.7432,56.31
03-Jan-2018,63.4833,76.5418,86.4071,56.55
02-Jan-2018,63.6728,76.5856,86.1111,56.52
01-Jan-2018,63.6697,76.41,85.8968,56.51
29-Dec-2017,63.9273,76.3867,86.0653,56.72
28-Dec-2017,64.1716,76.5631,86.221,56.89
27-Dec-2017,64.1577,76.2258,85.8366,56.68
26-Dec-2017,64.0538,76.0255,85.672,56.53
22-Dec-2017,64.0409,75.8821,85.6739,56.51
21-Dec-2017,64.0883,76.0344,85.6284,56.5
20-Dec-2017,64.0577,75.8251,85.7604,56.7
19-Dec-2017,64.1205,75.6365,85.7932,56.98
18-Dec-2017,64.1065,75.4277,85.5437,56.9
15-Dec-2017,64.0958,75.5241,86.1319,57.13
14-Dec-2017,64.2798,75.998,86.3535,57.06
13-Dec-2017,64.4525,75.7768,85.941,56.87
12-Dec-2017,64.4834,75.9292,86.0466,56.84
11-Dec-2017,64.3616,75.8051,86.3282,56.68
08-Dec-2017,64.4649,75.7978,87.0405,56.84
07-Dec-2017,64.5388,76.0848,86.3142,57.33
06-Dec-2017,64.4467,76.2791,86.4939,57.42
05-Dec-2017,64.3764,76.3762,86.6378,57.15
04-Dec-2017,64.3799,76.3739,86.636,57.04
30-Nov-2017,64.4332,76.4887,86.798,57.46
29-Nov-2017,64.4058,76.3209,86.1428,57.75
28-Nov-2017,64.4206,76.6992,85.8469,57.94
27-Nov-2017,64.6948,77.1421,86.1605,58.1
24-Nov-2017,64.7328,76.7213,86.0364,58.07
23-Nov-2017,64.7949,76.6264,86.3327,58.22
21-Nov-2017,65.0386,76.3878,86.1892,57.82
20-Nov-2017,65.0565,76.3633,85.9331,58.08
17-Nov-2017,64.8462,76.5574,85.785,57.59
16-Nov-2017,65.2969,76.9981,86.0483,57.81
15-Nov-2017,65.3689,77.0634,85.9143,57.76
14-Nov-2017,65.5171,76.4781,85.9388,57.65
13-Nov-2017,65.4272,76.2161,85.8209,57.68
10-Nov-2017,65.0147,75.7356,85.5463,57.34
09-Nov-2017,64.8967,75.3061,85.2548,57.13
08-Nov-2017,65.0592,75.3841,85.5724,57.12
07-Nov-2017,64.8064,75.2273,85.3371,56.85
06-Nov-2017,64.7267,75.1801,84.6366,56.66
03-Nov-2017,64.5764,75.3348,84.4272,56.66
02-Nov-2017,64.593,75.2831,85.786,56.72
01-Nov-2017,64.5256,75.0755,85.6706,56.7
31-Oct-2017,64.7745,75.4234,85.5995,57.27
30-Oct-2017,64.9338,75.4271,85.375,57.13
27-Oct-2017,65.0931,75.6837,85.3826,57
26-Oct-2017,64.7888,76.6063,85.884,57.06
25-Oct-2017,65.1386,76.59,85.4814,57.19
24-Oct-2017,64.9256,76.3395,85.7927,57.18
23-Oct-2017,65.0239,76.5136,85.8381,57.17
18-Oct-2017,65.0649,76.5423,85.7425,57.93
17-Oct-2017,64.9226,76.4204,86.0354,57.87
16-Oct-2017,64.7603,76.3912,86.0082,57.93
13-Oct-2017,64.9301,76.8772,86.3051,58.01
12-Oct-2017,65.1003,77.2741,86.2319,57.98
11-Oct-2017,65.2691,77.1677,86.1161,58.08
10-Oct-2017,65.2652,76.8302,85.9412,57.95
09-Oct-2017,65.3074,76.599,85.6311,57.99
06-Oct-2017,65.2276,76.2641,85.3112,57.72
05-Oct-2017,65.1758,76.5685,86.2145,57.77
04-Oct-2017,65.2899,76.8266,86.6266,58
03-Oct-2017,65.5529,76.7756,86.8707,57.97
29-Sep-2017,65.3552,77.0603,87.7067,58.03
28-Sep-2017,65.7604,77.1764,87.9808,58.18
27-Sep-2017,65.6947,77.3686,88.1426,58.4
26-Sep-2017,65.3371,77.431,88.0744,58.58
25-Sep-2017,64.8357,77.3036,87.9367,57.75
22-Sep-2017,64.9596,77.7566,88.3061,57.99
21-Sep-2017,64.5256,76.7403,87.1547,57.3
20-Sep-2017,64.3637,77.2493,87.0262,57.76
19-Sep-2017,64.1769,77.0187,86.8121,57.45
18-Sep-2017,64.0371,76.4923,87.0841,57.57
15-Sep-2017,64.0774,76.3995,86.12,57.92
14-Sep-2017,64.0692,76.1398,84.6867,58.02
13-Sep-2017,63.9818,76.663,85.1534,58.11
12-Sep-2017,63.9474,76.5514,84.3594,58.41
11-Sep-2017,63.8859,76.7334,84.2591,58.86
08-Sep-2017,63.8664,77.0357,83.8757,59.28
07-Sep-2017,64.0276,76.3593,83.4664,58.7
06-Sep-2017,64.2146,76.5438,83.6395,59.04
05-Sep-2017,64.1164,76.2921,82.8192,58.63
04-Sep-2017,64.0468,76.1516,82.9662,58.51
01-Sep-2017,63.9804,76.1047,82.6627,58.1
31-Aug-2017,64.0154,76.0439,82.6951,57.91
30-Aug-2017,63.9431,76.4504,82.6209,58.16
29-Aug-2017,64.0174,76.7505,82.8833,58.81
28-Aug-2017,63.8701,76.2162,82.3605,58.53
24-Aug-2017,64.0676,75.5805,81.9361,58.67
23-Aug-2017,64.1272,75.4072,82.2303,58.58
22-Aug-2017,64.1099,75.6497,82.5992,58.69
21-Aug-2017,64.0285,75.2143,82.3983,58.68
18-Aug-2017,64.1048,75.2078,82.6183,58.63
16-Aug-2017,64.2428,75.3761,82.6162,58.01
14-Aug-2017,64.0253,75.7035,83.2777,58.43
11-Aug-2017,64.1693,75.4567,83.2661,58.76
10-Aug-2017,63.9437,75.0635,83.0053,58.15
09-Aug-2017,63.7491,74.8606,82.9248,57.94
08-Aug-2017,63.7382,75.2876,83.1465,57.63
07-Aug-2017,63.7375,75.1019,83.1583,57.55
04-Aug-2017,63.7091,75.6609,83.7074,57.85
03-Aug-2017,63.6314,75.3905,84.1589,57.53
02-Aug-2017,64.069,75.7488,84.6416,57.86
01-Aug-2017,64.0683,75.7415,84.6214,58.12
31-Jul-2017,64.0773,75.2203,84.1591,57.98
28-Jul-2017,64.1483,74.9829,83.8867,57.78
27-Jul-2017,64.1216,75.2082,84.2109,57.74
26-Jul-2017,64.4208,74.9214,83.8308,57.56
25-Jul-2017,64.358,75.0607,83.8778,58.05
24-Jul-2017,64.4494,75.1287,83.8164,58.01
21-Jul-2017,64.3185,74.8796,83.5369,57.53
20-Jul-2017,64.4273,74.188,83.9166,57.45
19-Jul-2017,64.3211,74.2265,83.8554,57.43
18-Jul-2017,64.3301,74.1469,84.2917,57.39
17-Jul-2017,64.3666,73.6933,84.2173,57.12
14-Jul-2017,64.4539,73.5677,83.5451,56.9
13-Jul-2017,64.4384,73.7884,83.248,57.02
12-Jul-2017,64.4969,73.9715,82.6915,56.85
11-Jul-2017,64.5025,73.4361,83.0857,56.38
10-Jul-2017,64.5405,73.5826,83.2766,56.53
07-Jul-2017,64.7342,73.8811,83.8826,56.94
06-Jul-2017,64.7779,73.4322,83.8226,57.25
05-Jul-2017,64.7209,73.5035,83.6065,57.15
04-Jul-2017,64.8168,73.5995,83.9118,57.49
03-Jul-2017,64.7525,73.8567,84.1718,57.54
30-Jun-2017,64.7379,74.0019,84.2564,57.78
29-Jun-2017,64.4715,73.5233,83.5615,57.4
28-Jun-2017,64.5288,73.3757,82.6614,57.44
27-Jun-2017,64.4572,72.1921,82.0798,57.71
23-Jun-2017,64.5365,72.0808,81.9743,58.01
22-Jun-2017,64.495,72.0732,81.799,58.05
21-Jun-2017,64.6025,71.9413,81.5348,58.07
20-Jun-2017,64.4672,71.9583,82.1506,57.8
19-Jun-2017,64.3788,72.1043,82.2053,57.98
16-Jun-2017,64.5883,72.0482,82.5116,58.05
15-Jun-2017,64.2801,72.1094,81.9121,58.62
14-Jun-2017,64.3141,72.1283,82.1098,58.45
13-Jun-2017,64.4453,72.1465,81.7424,58.59
12-Jun-2017,64.3407,72.1324,82.0859,58.36
09-Jun-2017,64.2584,71.9823,81.7495,58.31
08-Jun-2017,64.3554,72.5092,83.4303,58.76
07-Jun-2017,64.4538,72.6588,83.2485,58.93
06-Jun-2017,64.3516,72.5178,83.1616,58.71
05-Jun-2017,64.3485,72.4886,82.7972,58.2
02-Jun-2017,64.4208,72.2673,82.9225,57.72
01-Jun-2017,64.4704,72.4518,82.8703,58.07
31-May-2017,64.5459,72.143,82.6446,58.15
30-May-2017,64.6336,71.8338,82.7892,58.24
29-May-2017,64.5565,72.1354,82.8195,58.03
26-May-2017,64.5945,72.3329,83.1848,57.95
25-May-2017,64.5088,72.4692,83.7711,57.74
24-May-2017,64.8586,72.473,84.0957,57.96
23-May-2017,64.7751,72.7489,84.0327,58.37
22-May-2017,64.5632,72.2333,83.9515,57.98
19-May-2017,64.9906,72.2955,84.1823,58.44
18-May-2017,64.3441,71.6214,83.3063,57.8
17-May-2017,64.0214,71.1598,82.7669,56.99
16-May-2017,64.0758,70.5539,82.7795,56.52
15-May-2017,64.1188,70.1332,82.8351,56.48
12-May-2017,64.3043,69.8859,82.869,56.56
11-May-2017,64.438,70.1472,83.415,56.48
09-May-2017,64.5065,70.4669,83.5295,56.9
08-May-2017,64.2154,70.4957,83.2553,56.99
05-May-2017,64.3079,70.5972,83.1308,57.37
04-May-2017,64.2115,69.9392,82.5631,56.95
03-May-2017,64.1439,70.0323,82.7969,57.24
02-May-2017,64.2072,70.0436,82.6925,57.27
28-Apr-2017,64.217,69.8809,82.8271,57.72
27-Apr-2017,64.1141,70.043,82.1265,57.47
26-Apr-2017,64.0013,70.043,82.1265,57.47
25-Apr-2017,64.2776,69.8569,82.2689,58.33
24-Apr-2017,64.4757,69.9884,82.458,58.56
21-Apr-2017,64.5701,69.1675,82.7014,59.03
20-Apr-2017,64.6364,69.3355,82.8057,59.35
19-Apr-2017,64.5443,69.1915,82.7458,59.39
18-Apr-2017,64.5657,68.7431,81.1785,59.22
17-Apr-2017,64.4053,68.4049,80.7192,59.39
13-Apr-2017,64.3165,68.6193,80.8265,58.97
12-Apr-2017,64.692,68.6706,80.8132,59.06
11-Apr-2017,64.5438,68.3067,80.1376,58.37
10-Apr-2017,64.4418,68.2503,79.8563,57.87
07-Apr-2017,64.3928,68.559,80.2592,58.19
06-Apr-2017,64.9791,69.3912,81.1524,58.79
05-Apr-2017,65.0438,69.4017,80.8755,58.76
03-Apr-2017,64.9103,69.2788,81.43,58.23
31-Mar-2017,64.8386,69.2476,80.8797,57.96
30-Mar-2017,64.9325,69.8739,80.7501,58.43
29-Mar-2017,64.9552,70.1061,80.4795,58.41
27-Mar-2017,65.0892,70.6739,81.6479,59.08
24-Mar-2017,65.4581,70.4656,81.6721,58.74
23-Mar-2017,65.422,70.6688,81.8495,58.81
22-Mar-2017,65.4881,70.7206,81.6833,58.7
21-Mar-2017,65.3117,70.295,80.6273,57.95
20-Mar-2017,65.3827,70.3779,81.0157,58.06
17-Mar-2017,65.5411,70.6074,80.9957,57.84
16-Mar-2017,65.3836,70.1893,80.2649,57.73
15-Mar-2017,65.5146,69.6224,80.0654,57.08
14-Mar-2017,66.18,70.4354,80.5014,57.57
10-Mar-2017,66.688,70.6426,81.0526,57.79
09-Mar-2017,66.7707,70.3229,81.1665,58.33
08-Mar-2017,66.6362,70.4011,81.3162,58.61
07-Mar-2017,66.6347,70.5595,81.5342,58.48
06-Mar-2017,66.7559,70.7346,81.9762,58.67
03-Mar-2017,66.8354,70.3509,81.9603,58.55
02-Mar-2017,66.7433,70.3074,81.9875,58.5
01-Mar-2017,66.8482,70.5716,82.718,58.91
28-Feb-2017,66.7375,70.7151,83.0548,59.35
27-Feb-2017,66.7249,70.5149,82.8923,59.51
23-Feb-2017,66.8351,70.5444,83.1228,59.01
22-Feb-2017,66.9644,70.5403,83.6921,58.98
20-Feb-2017,66.9771,71.056,83.1923,59.16
17-Feb-2017,67.0467,71.5053,83.7614,59.15
16-Feb-2017,66.9468,71.0239,83.4358,58.75
15-Feb-2017,66.9193,70.8207,83.4149,58.56
14-Feb-2017,66.9439,71.0877,83.9811,59.06
13-Feb-2017,66.9663,71.1718,83.7614,58.89
10-Feb-2017,66.9367,71.3344,83.7713,58.89
09-Feb-2017,67.0123,71.5423,83.819,59.71
08-Feb-2017,67.3058,71.8759,84.1659,59.94
07-Feb-2017,67.37,72.07,83.95,60.26
06-Feb-2017,67.1958,72.4035,83.9208,59.73
03-Feb-2017,67.3825,72.4429,84.3225,59.6
02-Feb-2017,67.448,72.7966,85.4903,59.91
01-Feb-2017,67.6458,72.9154,84.9496,59.69
31-Jan-2017,67.8125,72.5526,84.847,59.77
30-Jan-2017,68.0426,72.9621,85.5159,59.38
27-Jan-2017,68.2043,72.7467,85.4941,59.24
25-Jan-2017,68.1556,73.0901,85.3104,59.98
24-Jan-2017,68.157,73.2347,85.1485,60.27
23-Jan-2017,68.0843,73.1498,84.6492,60.1
20-Jan-2017,68.0883,72.7319,84.1231,59.38
19-Jan-2017,68.1766,72.5194,83.6936,59.48
18-Jan-2017,67.9364,72.5968,83.8403,59.97
17-Jan-2017,68.0509,72.5014,82.4573,59.98
16-Jan-2017,68.1558,72.4155,81.9982,59.79
13-Jan-2017,68.231,72.475,82.9757,59.4
12-Jan-2017,68.0858,72.2322,83.194,59.45
11-Jan-2017,68.2276,72.3213,82.9579,58.82
10-Jan-2017,68.0641,72.182,82.6979,58.88
09-Jan-2017,68.1863,71.8206,83.1259,58.1
06-Jan-2017,67.9522,71.8662,84.0976,58.5
05-Jan-2017,67.7884,71.5574,83.7051,58.33
04-Jan-2017,68.1791,70.9949,83.533,57.81
03-Jan-2017,68.0864,71.3818,83.7599,58.03
02-Jan-2017,68.0225,71.5121,83.967,58.19
30-Dec-2016,67.9547,71.6175,83.4212,58.22
29-Dec-2016,68.1241,71.2101,83.418,58.41
28-Dec-2016,68.225,71.452,83.8622,58.06
27-Dec-2016,67.9967,71.0498,83.4999,57.97
26-Dec-2016,67.8331,70.967,83.3126,57.96
23-Dec-2016,67.9117,70.9474,83.4839,57.88
22-Dec-2016,67.9136,70.8678,83.914,57.73
21-Dec-2016,67.8724,70.6077,83.9649,57.7
20-Dec-2016,67.8954,70.4686,84.102,57.66
19-Dec-2016,67.7262,70.8416,84.5426,57.73
16-Dec-2016,67.7777,70.7531,84.2341,57.38
15-Dec-2016,67.7994,71.1555,85.1154,57.72
14-Dec-2016,67.5604,71.918,85.545,58.66
13-Dec-2016,67.4867,71.7654,85.5461,58.54
09-Dec-2016,67.584,71.7607,85.1289,59.06
08-Dec-2016,67.4325,72.6113,85.2414,59.44
07-Dec-2016,67.8707,72.7506,85.8632,59.41
06-Dec-2016,68.0322,73.1074,86.7274,59.68
05-Dec-2016,68.1703,72.0424,86.5354,60.11
02-Dec-2016,68.3689,73.0385,86.2816,59.96
01-Dec-2016,68.3734,72.6262,85.6992,60.01
30-Nov-2016,68.526,72.8431,85.5342,60.79
29-Nov-2016,68.6535,72.8002,85.2265,61.25
28-Nov-2016,68.7235,73.1768,85.8494,61.32
25-Nov-2016,68.4626,72.3855,85.2222,60.32
24-Nov-2016,68.656,72.384,85.36,60.9
23-Nov-2016,68.4772,72.7844,84.9665,61.71
22-Nov-2016,68.2317,72.4348,85.1668,61.46
21-Nov-2016,68.2575,72.353,84.2025,61.45
18-Nov-2016,68.0937,72.2134,84.4158,61.56
17-Nov-2016,67.9106,72.5625,84.3178,62.1
16-Nov-2016,67.7791,72.8422,84.6154,62.12
15-Nov-2016,67.7173,72.7758,84.4232,62.61
11-Nov-2016,67.0292,73.1155,84.1753,62.94
10-Nov-2016,66.4273,72.7113,82.5093,63.02
09-Nov-2016,66.7968,74.9727,83.4292,65.05
08-Nov-2016,66.7073,73.6515,82.7104,63.91
07-Nov-2016,66.7301,73.8435,82.9322,63.88
04-Nov-2016,66.7219,74.0546,83.1355,64.62
03-Nov-2016,66.6942,74.1506,82.2473,64.95
02-Nov-2016,66.8294,73.9534,81.8861,64.37
01-Nov-2016,66.714,73.1786,81.5579,63.68
28-Oct-2016,66.8566,72.9071,81.2976,63.44
27-Oct-2016,66.8854,72.9385,81.6938,63.93
26-Oct-2016,66.7621,72.8174,81.363,64.13
25-Oct-2016,66.8777,72.7897,81.7714,64.06
24-Oct-2016,66.8625,72.7999,81.6725,64.43
21-Oct-2016,66.8943,72.975,81.9589,64.4
20-Oct-2016,66.7411,73.1482,81.9114,64.35
19-Oct-2016,66.7145,73.2125,81.7853,64.4
18-Oct-2016,66.7268,73.5463,81.7136,64.14
17-Oct-2016,66.7779,73.3689,81.3088,64.12
14-Oct-2016,66.8481,73.6867,81.4811,64.23
13-Oct-2016,66.8473,73.6657,81.3131,64.44
10-Oct-2016,66.5856,74.4027,82.4796,64.56
07-Oct-2016,66.7875,74.2744,83.2373,64.3
06-Oct-2016,66.6322,74.5814,84.6695,64.34
05-Oct-2016,66.5699,74.6515,84.4772,64.7
04-Oct-2016,66.5559,74.4428,85.318,65.08
03-Oct-2016,66.533,74.7166,85.8675,65.7
30-Sep-2016,66.6596,74.7521,86.4242,66.05
29-Sep-2016,66.5521,74.6848,86.6109,65.43
28-Sep-2016,66.4482,74.4552,86.4823,66.09
27-Sep-2016,66.4627,74.7373,86.3417,65.84
26-Sep-2016,66.7095,74.8814,86.4689,66.13
23-Sep-2016,66.6519,74.6701,86.9207,66.08
22-Sep-2016,66.8451,75.0203,87.3398,66.65
21-Sep-2016,67.0631,74.6949,87.0077,65.49
20-Sep-2016,67.02,74.8814,87.374,65.86
19-Sep-2016,66.8737,74.6845,87.2568,65.54
16-Sep-2016,66.8804,75.1535,88.4694,65.52
15-Sep-2016,67.0248,75.3627,88.7073,65.58
14-Sep-2016,66.9642,75.2075,88.4932,64.83
12-Sep-2016,66.9017,75.2176,88.7719,65.26
09-Sep-2016,66.5462,75.0242,88.5863,65.13
08-Sep-2016,66.4483,74.7676,88.6088,65.33
07-Sep-2016,66.3618,74.6902,89.0376,65.46
06-Sep-2016,66.5469,74.1665,88.6471,64.2
02-Sep-2016,66.8405,74.8012,88.704,64.52
01-Sep-2016,66.9539,74.6603,88.0511,64.78
31-Aug-2016,66.9813,74.6239,87.6852,64.89
30-Aug-2016,67.0879,74.9439,87.6906,65.61
29-Aug-2016,67.181,75.1823,88.0138,65.62
26-Aug-2016,67.0299,75.7371,88.5934,66.72
25-Aug-2016,67.0876,75.5943,88.6563,66.84
24-Aug-2016,67.132,75.8055,88.386,66.9
23-Aug-2016,67.0885,76.0381,88.2885,67.03
22-Aug-2016,67.194,75.8083,87.6747,66.67
19-Aug-2016,66.9296,75.8714,87.9723,66.82
18-Aug-2016,66.7939,75.5773,87.2596,66.84
16-Aug-2016,66.8983,75.0198,86.3389,66.68
12-Aug-2016,66.8252,74.4633,86.6255,65.44
11-Aug-2016,66.8571,74.6526,86.9543,65.91
10-Aug-2016,66.7442,74.3797,87.0411,65.84
09-Aug-2016,66.9633,74.1752,86.992,65.36
08-Aug-2016,66.7407,74.0622,87.2768,65.4
05-Aug-2016,66.8141,74.451,87.747,66.13
04-Aug-2016,66.9447,74.5965,89.0699,65.95
03-Aug-2016,66.9368,74.9893,89.0126,66.26
02-Aug-2016,66.7612,74.599,88.0313,65.32
01-Aug-2016,66.7412,74.5165,88.4388,65.08
29-Jul-2016,67.034,74.2737,88.2972,64.69
28-Jul-2016,67.055,74.364,88.4254,64.07
27-Jul-2016,67.2362,73.8859,88.3013,63.57
26-Jul-2016,67.368,74.1654,88.1712,64.58
25-Jul-2016,67.243,73.7992,88.3506,63.37
22-Jul-2016,67.1355,74.0303,88.9478,63.41
21-Jul-2016,67.2035,74.1523,88.9774,62.73
20-Jul-2016,67.172,73.99,88.0423,63.23
19-Jul-2016,67.1462,74.3443,88.7203,63.35
18-Jul-2016,67.1015,74.1673,88.6881,63.51
15-Jul-2016,67.0655,74.6037,89.9281,63.38
14-Jul-2016,66.9136,74.3544,88.5468,63.38
13-Jul-2016,67.2046,74.3484,89.288,64.53
12-Jul-2016,67.1471,74.446,87.862,64.94
11-Jul-2016,67.1426,74.1053,86.9161,65.89
08-Jul-2016,67.4584,74.7169,87.3182,67.15
07-Jul-2016,67.4972,74.8274,87.6114,67
05-Jul-2016,67.4028,75.0328,89.1537,66.06
04-Jul-2016,67.1848,74.8304,89.302,65.47
01-Jul-2016,67.441,74.7449,89.5482,65.67
30-Jun-2016,67.6166,75.0071,90.5183,65.91
29-Jun-2016,67.7443,75.02,90.4928,66.21
28-Jun-2016,67.8867,75.0623,90.1739,66.69
27-Jun-2016,67.9,74.8801,90.9113,66.69
24-Jun-2016,68.0144,75.1015,92.9553,66.45
23-Jun-2016,67.3702,76.3776,99.4721,64.52
22-Jun-2016,67.557,76.0354,99.1534,64.61
21-Jun-2016,67.4767,76.4511,99.2582,64.59
20-Jun-2016,67.4087,76.5358,98.1538,64.44
17-Jun-2016,67.1682,75.4568,95.5535,64.39
16-Jun-2016,67.2068,75.816,95.2388,64.55
15-Jun-2016,67.1596,75.2859,95.1114,63.19
14-Jun-2016,67.152,75.7542,95.1007,63.46
13-Jun-2016,67.0737,75.5116,95.1172,63.32
10-Jun-2016,66.7948,75.4714,96.5719,62.4
09-Jun-2016,66.625,75.8925,96.7195,62.41
08-Jun-2016,66.737,75.8199,97.0823,62.26
07-Jun-2016,66.8305,75.9194,96.9376,62.1
06-Jun-2016,66.9614,75.9409,96.17,62.6
03-Jun-2016,67.2415,74.9944,96.9017,61.83
02-Jun-2016,67.2533,75.3035,97.0465,61.58
01-Jun-2016,67.3526,74.9634,97.5333,61.31
31-May-2016,67.203,74.7902,98.654,60.4
30-May-2016,67.3398,74.8415,98.4373,60.49
27-May-2016,67.0613,75.0885,98.3923,61.12
26-May-2016,67.2855,75.2185,98.9501,61.34
25-May-2016,67.4467,75.2098,98.5599,61.32
24-May-2016,67.706,75.9323,98.0654,61.97
23-May-2016,67.3492,75.6197,97.7641,61.38
20-May-2016,67.4076,75.5437,98.4555,61.17
19-May-2016,67.2307,75.453,98.0493,61.01
18-May-2016,66.9131,75.4847,96.6091,61.25
17-May-2016,66.7233,75.4907,96.5953,61.07
16-May-2016,66.8216,75.5953,95.9625,61.45
13-May-2016,66.7609,75.7202,96.1557,61.47
12-May-2016,66.5977,76.0612,96.1538,61.16
11-May-2016,66.6958,75.9665,96.4355,61.43
10-May-2016,66.7224,75.9568,96.1069,61.35
09-May-2016,66.4379,75.8056,95.7702,61.73
06-May-2016,66.583,75.9313,96.3456,62.13
05-May-2016,66.5105,76.3807,96.5865,62.15
04-May-2016,66.5388,76.4597,96.8273,62.21
03-May-2016,66.2698,76.6145,97.569,62.65
02-May-2016,66.3435,76.0562,97.0207,62.31
29-Apr-2016,66.5176,75.7303,97.4017,61.96
28-Apr-2016,66.4045,75.4222,96.831,61.32
27-Apr-2016,66.546,75.177,96.9242,59.85
26-Apr-2016,66.733,75.1814,96.7695,60.22
25-Apr-2016,66.6839,74.9527,96.3249,59.99
22-Apr-2016,66.4925,75.1033,95.4433,60.15
21-Apr-2016,66.293,74.8978,95.1437,60.48
20-Apr-2016,66.2406,75.2758,95.2076,60.82
18-Apr-2016,66.6663,75.2596,94.3928,61.73
13-Apr-2016,66.4293,75.4637,94.6684,60.98
12-Apr-2016,66.495,75.9107,94.7487,61.38
11-Apr-2016,66.3925,75.7538,93.786,61.53
07-Apr-2016,66.4698,75.8952,94.0415,61.04
06-Apr-2016,66.5807,75.629,94.0918,60.31
05-Apr-2016,66.3248,75.524,94.42,59.98
04-Apr-2016,66.243,75.3713,94.1578,59.44
31-Mar-2016,66.3329,75.0955,95.0882,59.06
30-Mar-2016,66.4105,75.0306,95.6311,59.11
29-Mar-2016,66.558,74.4717,94.6654,58.58
28-Mar-2016,66.668,74.4215,94.3019,58.72
23-Mar-2016,66.864,74.9077,94.9268,59.52
22-Mar-2016,66.5411,74.8987,95.7526,59.37
21-Mar-2016,66.504,74.9168,95.8722,59.66
18-Mar-2016,66.6088,75.3012,96.323,59.87
17-Mar-2016,66.8806,75.0735,95.1644,59.59
16-Mar-2016,67.368,74.7583,95.1708,59.4
15-Mar-2016,67.229,74.6444,95.9223,59.31
14-Mar-2016,67.023,74.8044,96.3389,58.9
11-Mar-2016,67.0868,74.9427,95.753,59.13
10-Mar-2016,67.051,73.622,95.2258,58.99
09-Mar-2016,67.4632,74.0611,95.6965,59.92
08-Mar-2016,67.338,74.193,95.9028,59.59
04-Mar-2016,67.2713,73.6688,95.2158,59.1
03-Mar-2016,67.3786,73.1664,94.896,59.05
02-Mar-2016,67.7022,73.5314,94.6003,59.42
01-Mar-2016,68.158,74.2172,95.0395,60.5
29-Feb-2016,68.616,75.0796,95.1978,60.78
26-Feb-2016,68.7775,76.0404,96.089,61.03
25-Feb-2016,68.599,75.6784,95.5721,61.01
24-Feb-2016,68.565,75.4695,95.8127,61.27
23-Feb-2016,68.6408,75.7657,96.8934,61.12
22-Feb-2016,68.5517,76.1952,97.8438,60.75
18-Feb-2016,68.494,76.3297,97.8642,60.15
17-Feb-2016,68.592,76.6104,98.018,60.32
16-Feb-2016,68.336,76.2425,98.4312,59.68
15-Feb-2016,68.1348,76.5086,99.0067,59.84
12-Feb-2016,68.4365,77.3606,98.9797,60.94
11-Feb-2016,68.0155,76.8439,98.8061,60.54
10-Feb-2016,67.8781,76.648,98.2943,59.21
09-Feb-2016,68.1623,76.3827,98.2696,59.39
08-Feb-2016,67.819,75.5368,98.3308,57.75
05-Feb-2016,67.6365,75.7326,98.472,57.91
04-Feb-2016,67.8093,75.1327,98.7914,57.42
03-Feb-2016,68.1825,74.4553,98.3192,56.98
02-Feb-2016,67.834,73.9323,97.6131,56.21
01-Feb-2016,67.6728,73.4115,96.5149,55.78
29-Jan-2016,67.8763,74.0666,97.7554,56.26
28-Jan-2016,68.0858,74.0637,97.0155,57.36
27-Jan-2016,67.9803,73.813,97.5109,57.45
25-Jan-2016,67.6428,73.1219,96.736,56.93
22-Jan-2016,67.748,73.405,96.4461,57.38
21-Jan-2016,68.06,74.165,96.5567,58.3
20-Jan-2016,67.9774,74.4828,96.2016,58.24
19-Jan-2016,67.563,73.5018,96.4192,57.37
18-Jan-2016,67.588,73.6101,96.4819,57.68
14-Jan-2016,67.095,72.9725,96.6369,57.01
13-Jan-2016,66.8394,72.4272,96.603,56.57
12-Jan-2016,66.8905,72.7434,97.1518,56.91
11-Jan-2016,66.7885,72.9264,97.057,56.93
08-Jan-2016,66.669,72.5292,97.4501,56.32
07-Jan-2016,66.9115,72.3782,97.8514,56.78
06-Jan-2016,66.7165,71.7002,97.773,56.19
05-Jan-2016,66.5418,72.0315,97.9562,55.71
04-Jan-2016,66.4623,72.3907,97.9455,55.65
01-Jan-2016,66.178,71.8627,97.6059,55.01
31-Dec-2015,66.326,72.501,98.3482,55.09
30-Dec-2015,66.4243,72.6018,98.5471,55.17
29-Dec-2015,66.37,72.8477,98.9112,55.16
28-Dec-2015,66.138,72.5534,98.6911,54.92
23-Dec-2015,66.202,72.4117,98.2967,54.74
22-Dec-2015,66.2985,72.3317,98.7052,54.68
21-Dec-2015,66.324,72.134,98.9886,54.67
18-Dec-2015,66.4235,72.1359,99.1703,54.48
17-Dec-2015,66.6488,72.3273,99.6133,54.43
16-Dec-2015,66.8468,73.1571,100.5777,54.84
15-Dec-2015,67.0435,73.9289,101.6715,55.49
14-Dec-2015,66.994,73.4656,101.784,55.29
11-Dec-2015,66.786,73.104,101.1006,54.75
10-Dec-2015,66.7905,73.4629,101.3679,54.91
09-Dec-2015,66.75,72.891,100.2919,54.4
08-Dec-2015,66.7983,72.5162,100.4914,54.27
07-Dec-2015,66.6263,72.4028,100.6524,54.05
04-Dec-2015,66.8365,73.0456,101.0434,54.51
03-Dec-2015,66.745,70.6696,99.6102,54.08
02-Dec-2015,66.6158,70.666,100.3434,54.12
01-Dec-2015,66.518,70.4359,100.4355,54.13
30-Nov-2015,66.8148,70.6834,100.3692,54.41
27-Nov-2015,66.7503,70.8755,100.6795,54.53
26-Nov-2015,66.5507,70.6968,100.6446,54.3
24-Nov-2015,66.384,70.5529,100.4523,54.1
23-Nov-2015,66.349,70.4693,100.6647,53.87
20-Nov-2015,66.094,70.8594,101.0379,53.82
19-Nov-2015,66.1105,70.7779,101.0301,53.62
18-Nov-2015,66.1138,70.3914,100.5128,53.63
17-Nov-2015,65.9805,70.3484,100.1056,53.48
16-Nov-2015,66.169,70.9729,100.6563,54.05
13-Nov-2015,66.139,71.2648,100.5511,53.9
10-Nov-2015,66.3495,71.2992,100.2806,53.8
09-Nov-2015,66.3378,71.4458,100.0308,53.79
06-Nov-2015,65.791,71.5477,99.9497,54
05-Nov-2015,65.6755,71.3499,101.0221,54.05
04-Nov-2015,65.568,71.797,101.1255,54.17
03-Nov-2015,65.451,72.1008,100.9647,54.24
02-Nov-2015,65.4793,72.2171,101.0608,54.38
30-Oct-2015,65.2231,71.6671,99.9348,53.92
29-Oct-2015,65.1515,71.2497,99.3626,53.93
28-Oct-2015,65.0408,71.753,99.584,54.01
27-Oct-2015,64.9553,71.8406,99.7324,53.83
26-Oct-2015,64.9603,71.6447,99.5452,53.63
23-Oct-2015,64.8815,72.0639,99.8851,53.79
21-Oct-2015,65.1513,73.9728,100.535,54.31
20-Oct-2015,64.8908,73.5213,100.3926,54.33
19-Oct-2015,64.8178,73.7497,100.1176,54.36
16-Oct-2015,64.9697,73.994,100.5536,54.54
15-Oct-2015,64.824,74.5022,100.4124,54.61
14-Oct-2015,65.1123,74.241,99.4981,54.41
13-Oct-2015,65.0215,73.9164,99.886,54.26
12-Oct-2015,64.726,73.5999,99.2962,53.86
09-Oct-2015,64.7848,73.0837,99.5418,53.96
08-Oct-2015,65.157,73.3277,99.7814,54.41
07-Oct-2015,65.2571,73.4664,99.5301,54.34
06-Oct-2015,65.3908,73.1919,99.054,54.41
05-Oct-2015,65.2905,73.3931,99.3134,54.39
01-Oct-2015,65.554,73.0796,99.1701,54.54
30-Sep-2015,65.7418,73.7952,99.5331,54.8
29-Sep-2015,66.1843,74.6096,100.4611,55.42
28-Sep-2015,66.0805,73.8119,100.3168,54.92
24-Sep-2015,66.0993,73.9585,100.8874,55.08
23-Sep-2015,65.9696,73.378,101.1908,54.92
22-Sep-2015,65.625,73.2638,101.7319,54.5
21-Sep-2015,65.7531,74.3799,102.1672,54.83
18-Sep-2015,65.9255,75.1287,102.7515,55.01
16-Sep-2015,66.5,75.0253,101.9977,55.34
15-Sep-2015,66.4383,75.0487,102.408,55.55
14-Sep-2015,66.3708,75.3242,102.5429,55.18
11-Sep-2015,66.3866,74.8974,102.5939,55
10-Sep-2015,66.584,74.7139,102.293,55.14
09-Sep-2015,66.2945,73.9847,101.888,55.07
08-Sep-2015,66.606,74.6054,102.3002,55.6
07-Sep-2015,66.7445,74.2733,101.3649,55.93
04-Sep-2015,66.4003,73.8903,101.1941,55.57
03-Sep-2015,66.228,74.3343,101.2229,54.98
02-Sep-2015,66.1638,74.6063,101.2174,55.09
01-Sep-2015,66.2603,74.788,101.9945,55.05
31-Aug-2015,66.3062,74.495,102.3105,54.75
28-Aug-2015,66.0808,74.3673,101.923,54.54
27-Aug-2015,66.0605,74.9655,102.3475,55.08
26-Aug-2015,66.161,75.8867,103.8794,55.28
25-Aug-2015,66.709,77.1089,105.1,56.01
24-Aug-2015,66.5093,76.2729,104.0072,54.97
21-Aug-2015,65.8298,74.2692,103.3857,53.55
20-Aug-2015,65.2385,72.5713,102.2092,52.59
19-Aug-2015,65.2525,72.1954,102.2507,52.5
17-Aug-2015,65.22,72.3942,102.2324,52.42
14-Aug-2015,65.1225,72.5595,101.6171,52.35
13-Aug-2015,64.9212,72.2573,101.4394,52.16
12-Aug-2015,64.827,71.8218,101.0005,51.91
11-Aug-2015,64.1732,70.3595,99.8471,51.37
10-Aug-2015,63.759,69.8799,98.7563,51.22
07-Aug-2015,63.8061,69.6571,98.925,51.13
06-Aug-2015,63.7603,69.7091,99.6,51.11
05-Aug-2015,63.8159,69.3104,99.1508,51.29
04-Aug-2015,63.9315,70.0497,99.8226,51.59
03-Aug-2015,63.9623,70.1602,99.9347,51.56
31-Jul-2015,64.0054,70.1627,99.8356,51.55
30-Jul-2015,64.0061,70.0739,99.8303,51.53
29-Jul-2015,63.8943,70.6288,99.7134,51.75
28-Jul-2015,64.027,70.8843,99.7156,51.84
27-Jul-2015,64.0028,70.6143,99.4348,51.85
24-Jul-2015,63.8916,70.121,99.1023,51.56
23-Jul-2015,63.7138,69.6264,99.5719,51.37
22-Jul-2015,63.5283,69.6016,99.1931,51.38
21-Jul-2015,63.6506,68.9081,99.1358,51.17
20-Jul-2015,63.551,68.8321,99.1014,51.2
17-Jul-2015,63.4928,69.1437,99.4297,51.2
16-Jul-2015,63.4955,69.3942,99.1736,51.28
15-Jul-2015,63.3847,69.6851,99.1337,51.34
14-Jul-2015,63.4978,69.7269,98.1993,51.48
13-Jul-2015,63.4655,70.6942,98.4731,51.77
10-Jul-2015,63.3793,70.4334,97.6548,51.97
09-Jul-2015,63.5065,70.4986,97.8508,52.3
08-Jul-2015,63.569,69.9323,98.2205,52.17
07-Jul-2015,63.3749,69.9659,98.8585,51.67
06-Jul-2015,63.5785,70.2924,99.1062,51.89
03-Jul-2015,63.3963,70.3319,98.9426,51.49
02-Jul-2015,63.5705,70.3535,99.2018,51.52
01-Jul-2015,63.6223,70.7671,99.8934,51.85
30-Jun-2015,63.7549,71.2015,100.1207,52.07
29-Jun-2015,63.917,70.411,100.4008,52.17
26-Jun-2015,63.6042,71.2303,100.0939,51.54
25-Jun-2015,63.6121,71.1692,99.7947,51.4
24-Jun-2015,63.66,71.3119,100.5,51.38
23-Jun-2015,63.6406,71.6275,100.4121,51.46
22-Jun-2015,63.5098,72.3186,100.9361,51.73
19-Jun-2015,63.8195,72.3585,101.256,51.83
18-Jun-2015,63.8495,72.4564,100.9971,51.89
17-Jun-2015,64.1135,72.1662,100.3184,51.91
16-Jun-2015,64.1505,72.272,100.0363,51.91
15-Jun-2015,64.0868,71.8413,99.5717,51.93
12-Jun-2015,64.0301,71.8994,99.2723,51.85
11-Jun-2015,63.891,72.3118,98.8969,51.85
10-Jun-2015,63.8849,72.1452,98.4722,51.94
09-Jun-2015,63.936,72.3692,98.2696,51.46
08-Jun-2015,64.11,71.1172,97.8447,51.06
05-Jun-2015,63.8955,71.8185,97.9774,51.33
04-Jun-2015,64.1775,72.251,98.3007,51.6
03-Jun-2015,63.8515,71.2838,98.1206,51.52
02-Jun-2015,63.833,69.7376,97.1028,51.21
01-Jun-2015,63.6083,69.6256,97.2698,51.2
29-May-2015,63.7615,69.9081,97.7974,51.48
28-May-2015,63.901,69.7352,98.1647,51.6
27-May-2015,63.9475,69.8562,98.639,52.02
26-May-2015,63.845,69.6421,98.3788,52.11
25-May-2015,63.6228,69.9342,98.5072,52.34
22-May-2015,63.5728,70.9282,99.6694,52.66
21-May-2015,63.7,70.6688,98.9197,52.59
20-May-2015,63.8655,70.731,98.8893,52.76
19-May-2015,63.6868,71.9024,99.7272,53.09
18-May-2015,63.5543,72.6743,99.8629,53.12
15-May-2015,63.5788,72.3781,100.2956,53.2
14-May-2015,63.838,72.8775,100.647,53.68
13-May-2015,64.1895,72.0784,100.5785,53.54
12-May-2015,64.202,71.9127,100.0331,53.43
11-May-2015,63.8495,71.5114,98.4687,53.25
08-May-2015,64.0493,71.7608,99.0394,53.41
07-May-2015,63.88,72.5102,97.2062,53.47
30-Apr-2015,63.578,70.5334,97.9864,53.53
29-Apr-2015,63.2025,69.3395,97.0095,53.08
28-Apr-2015,63.3305,68.9289,96.5157,53.2
27-Apr-2015,63.6115,69.1839,96.5559,53.45
24-Apr-2015,63.4006,68.4853,95.4242,53.04
23-Apr-2015,63.185,67.6585,94.9355,52.75
22-Apr-2015,62.8183,67.5862,93.8505,52.55
21-Apr-2015,62.92,67.3433,93.5746,52.65
20-Apr-2015,62.5633,67.4933,93.5634,52.74
17-Apr-2015,62.346,67.1342,93.095,52.41
16-Apr-2015,62.3685,66.5597,92.4426,52.27
15-Apr-2015,62.4026,66.4837,92.1499,52.19
13-Apr-2015,62.3885,66.163,91.056,51.83
10-Apr-2015,62.366,66.4884,91.6032,51.74
09-Apr-2015,62.256,66.9937,92.4937,51.77
08-Apr-2015,62.3295,67.5963,92.5281,51.98
07-Apr-2015,62.3321,68.0791,92.8312,52.14
06-Apr-2015,62.158,68.2308,92.7335,52.23
31-Mar-2015,62.5908,67.5104,92.4591,52.11
30-Mar-2015,62.6305,68.0606,92.9437,52.52
27-Mar-2015,62.6069,68.1476,92.9525,52.53
26-Mar-2015,62.6728,68.8523,93.2634,52.75
25-Mar-2015,62.3419,68.121,92.6463,52.07
24-Mar-2015,62.1988,68.033,92.9312,51.99
23-Mar-2015,62.2879,67.3644,93.0207,51.95
20-Mar-2015,62.4923,66.8043,92.2636,51.79
19-Mar-2015,62.4208,67.2896,92.9945,51.79
18-Mar-2015,62.672,66.3383,92.46,51.64
17-Mar-2015,62.692,66.372,92.991,51.69
16-Mar-2015,62.8215,66.1699,92.825,51.84
13-Mar-2015,62.6733,66.4212,93.1639,51.6
12-Mar-2015,62.5665,65.9451,93.5682,51.57
11-Mar-2015,62.745,67.0995,94.6006,51.74
10-Mar-2015,62.6983,67.6577,94.549,51.47
09-Mar-2015,62.616,67.9634,94.3936,51.76
05-Mar-2015,62.2015,68.602,94.7142,51.89
04-Mar-2015,61.8543,69.0974,94.9649,51.7
03-Mar-2015,61.8387,69.247,95.1388,51.68
02-Mar-2015,61.8248,69.1387,95.2658,51.62
27-Feb-2015,61.7908,69.286,95.4235,51.85
26-Feb-2015,61.9395,70.388,96.2416,52.06
25-Feb-2015,62.0468,70.4293,96.0298,52.28
24-Feb-2015,62.2758,70.6021,96.2099,52.24
23-Feb-2015,62.1838,70.7589,95.7071,52.28
20-Feb-2015,62.255,70.7217,96.0097,52.35
18-Feb-2015,62.245,71.0091,95.571,52.32
16-Feb-2015,62.2023,71.0039,95.9968,52.46
13-Feb-2015,62.136,71.0525,95.7764,52.34
12-Feb-2015,62.43,70.6333,95.0185,51.95
11-Feb-2015,62.1536,70.333,94.7221,52
10-Feb-2015,61.9634,70.2045,94.4136,52.25
09-Feb-2015,62.141,70.3809,94.7899,52.29
06-Feb-2015,61.7363,70.7868,94.6541,52.63
05-Feb-2015,61.8748,70.1908,94.0683,52.8
04-Feb-2015,61.68,70.747,93.5316,52.42
03-Feb-2015,61.7389,69.9378,92.7071,52.76
02-Feb-2015,61.884,69.9413,93.2716,52.61
30-Jan-2015,61.7575,70.0268,93.1303,52.4
29-Jan-2015,61.4998,69.3287,93.123,52.25
28-Jan-2015,61.4105,69.8237,93.1843,52.06
27-Jan-2015,61.464,69.0302,92.7676,52
23-Jan-2015,61.4988,69.6166,92.1621,51.95
22-Jan-2015,61.691,71.4875,93.3261,52.17
21-Jan-2015,61.614,71.3798,93.4931,52.39
20-Jan-2015,61.8475,71.5699,93.266,52.23
19-Jan-2015,61.699,71.3302,93.4123,52.68
16-Jan-2015,61.8933,72.0067,93.9231,53.08
15-Jan-2015,61.7588,72.6345,94.0154,52.4
14-Jan-2015,62.153,73.297,94.2426,53.08
13-Jan-2015,62.1021,73.4171,94.0971,52.28
12-Jan-2015,62.1605,73.7348,94.2788,52.62
09-Jan-2015,62.3953,73.614,94.167,52.23
08-Jan-2015,62.967,74.427,94.9731,52.53
07-Jan-2015,63.4495,75.2765,95.9864,53.3
06-Jan-2015,63.385,75.7958,96.7192,53.25
05-Jan-2015,63.3888,75.6672,96.8454,52.61
02-Jan-2015,63.2878,76.3061,98.3872,52.59
01-Jan-2015,63.3213,76.5998,98.6356,52.91
31-Dec-2014,63.3315,77.0048,98.5818,52.93
30-Dec-2014,63.7498,77.3221,98.8759,53
29-Dec-2014,63.6539,77.6005,99.1409,52.9
26-Dec-2014,63.6355,77.7435,98.9787,52.93
24-Dec-2014,63.4614,77.3087,98.5111,52.73
23-Dec-2014,63.4475,77.6217,98.8829,52.82
22-Dec-2014,63.1757,77.4155,98.851,52.88
19-Dec-2014,63.067,77.4589,98.7314,52.8
18-Dec-2014,63.3161,78.1067,98.6781,53.39
17-Dec-2014,63.5813,79.394,99.9816,54.34
16-Dec-2014,63.4135,79.0005,99.3055,54.09
15-Dec-2014,62.6529,78.0154,98.5342,52.94
12-Dec-2014,62.4422,77.3846,98.1529,52.49
11-Dec-2014,62.2059,77.4837,97.8001,52.68
10-Dec-2014,61.95,76.7499,97.1562,51.98
09-Dec-2014,61.875,76.2919,96.9024,51.61
08-Dec-2014,61.9253,76.1,96.3743,50.98
05-Dec-2014,61.8535,76.5313,96.7265,51.51
04-Dec-2014,61.8771,76.1274,97.0171,51.6
03-Dec-2014,61.8866,76.5723,96.8278,51.93
02-Dec-2014,61.9255,77.2149,97.3902,52.31
01-Dec-2014,62.1377,77.3677,97.0529,52.26
28-Nov-2014,61.9736,77.1633,97.3667,52.45
27-Nov-2014,61.865,77.3746,97.691,52.71
26-Nov-2014,61.8658,77.2147,97.2283,52.56
25-Nov-2014,61.9195,76.9288,97.1207,52.52
24-Nov-2014,61.7798,76.5946,96.7842,52.41
21-Nov-2014,61.8505,77.6224,97.0125,52.53
20-Nov-2014,62.1044,77.91,97.3176,52.34
19-Nov-2014,61.828,77.421,96.5568,52.71
18-Nov-2014,61.808,77.0931,96.7666,52.97
17-Nov-2014,61.678,77.3565,96.9393,53.28
14-Nov-2014,61.6475,76.6957,96.54,53.04
13-Nov-2014,61.556,76.6126,97.0984,53.18
12-Nov-2014,61.4785,76.7866,97.923,53.34
11-Nov-2014,61.55,76.482,97.526,53.43
10-Nov-2014,61.4513,76.6789,97.7567,53.86
07-Nov-2014,61.5205,76.1562,97.3931,53.31
05-Nov-2014,61.387,76.9854,98.0043,53.76
03-Nov-2014,61.4118,76.6665,98.0624,54.48
31-Oct-2014,61.408,77.1899,98.0624,55.28
30-Oct-2014,61.4636,77.4503,98.2127,56.34
29-Oct-2014,61.3175,78.143,99.0032,56.76
28-Oct-2014,61.3524,77.9237,98.9307,56.89
27-Oct-2014,61.229,77.7547,98.5297,56.71
22-Oct-2014,61.2355,77.965,98.6688,57.27
21-Oct-2014,61.2967,78.5885,99.1597,57.63
20-Oct-2014,61.2873,78.1536,98.6235,57.14
17-Oct-2014,61.6165,78.8938,99.1163,58.02
16-Oct-2014,61.4795,78.663,98.2381,57.83
14-Oct-2014,61.1078,77.6802,98.1513,57.04
13-Oct-2014,61.2455,77.6042,98.6849,57.08
10-Oct-2014,61.1624,77.6701,98.6244,56.74
09-Oct-2014,61.0368,77.7426,98.6355,56.57
08-Oct-2014,61.4648,77.6546,98.7678,56.69
07-Oct-2014,61.3595,77.4664,98.709,56.5
01-Oct-2014,61.7511,77.9546,100.0677,56.24
30-Sep-2014,61.6135,78.206,100.276,56.36
29-Sep-2014,61.4273,77.9328,99.7272,56.07
26-Sep-2014,61.572,78.4489,100.4239,56.45
25-Sep-2014,61.0245,77.8429,99.4272,55.87
24-Sep-2014,61.0293,78.3738,99.9904,56.17
23-Sep-2014,60.8708,78.2251,99.6333,55.98
22-Sep-2014,60.7875,78.1606,99.2964,55.83
19-Sep-2014,60.8055,78.4695,100.0615,55.73
18-Sep-2014,61.0558,78.5727,99.5515,56.13
17-Sep-2014,60.954,78.9659,99.3245,56.87
16-Sep-2014,61.1015,79.0348,99.0455,56.96
15-Sep-2014,60.9945,79.0306,99.0978,56.85
12-Sep-2014,60.84,78.6418,98.7251,56.74
11-Sep-2014,60.9155,78.6358,98.6587,56.96
10-Sep-2014,60.8256,78.6597,98.1482,57.12
09-Sep-2014,60.4277,77.9276,97.2463,56.88
08-Sep-2014,60.2628,77.9439,97.5112,57.33
05-Sep-2014,60.4385,78.1953,98.6417,57.36
04-Sep-2014,60.454,79.4607,99.4589,57.6
03-Sep-2014,60.5445,79.5434,99.7289,57.71
02-Sep-2014,60.61,79.5627,100.4853,57.81
01-Sep-2014,60.4735,79.3957,100.4283,58.06
28-Aug-2014,60.4745,79.862,100.3514,58.27
27-Aug-2014,60.4678,79.6545,100.1468,58.17
26-Aug-2014,60.496,79.91,100.3266,58.24
25-Aug-2014,60.427,79.7436,100.1155,58.01
22-Aug-2014,60.436,80.3535,100.2391,58.29
21-Aug-2014,60.767,80.559,100.7213,58.53
20-Aug-2014,60.669,80.7255,100.8076,58.8
19-Aug-2014,60.726,81.0432,101.4792,59.19
14-Aug-2014,61.0583,81.5552,101.8391,59.55
13-Aug-2014,61.2458,81.899,103.0154,59.91
12-Aug-2014,61.1847,81.7762,102.5578,59.81
11-Aug-2014,61.1165,81.874,102.5352,59.85
08-Aug-2014,61.5575,82.4125,103.5028,60.64
07-Aug-2014,61.4123,82.1672,103.4245,60.04
06-Aug-2014,61.336,81.963,103.437,59.8
05-Aug-2014,60.869,81.6955,102.6738,59.38
04-Aug-2014,61.0187,81.9061,102.6945,59.41
01-Aug-2014,60.851,81.4615,102.6861,59.11
31-Jul-2014,60.246,80.6985,101.9242,58.61
30-Jul-2014,60.1485,80.635,101.9216,58.9
28-Jul-2014,60.1013,80.7385,102.04,59
25-Jul-2014,60.1448,81.0173,102.2161,59.11
24-Jul-2014,60.002,80.6785,102.1894,59.13
23-Jul-2014,60.183,81.0305,102.6842,59.34
22-Jul-2014,60.236,81.4414,102.865,59.32
21-Jul-2014,60.1853,81.4821,102.8687,59.45
18-Jul-2014,60.33,81.5848,103.1824,59.54
17-Jul-2014,60.1401,81.334,103.0019,59.25
16-Jul-2014,60.1903,81.656,103.1361,59.19
15-Jul-2014,60.2195,81.951,102.7947,59.27
14-Jul-2014,60.005,81.599,102.7166,59.18
11-Jul-2014,60.1855,81.872,103.1459,59.41
10-Jul-2014,59.875,81.6925,102.5898,59
09-Jul-2014,59.726,81.38,102.3584,58.79
08-Jul-2014,59.7968,81.3225,102.42,58.73
07-Jul-2014,59.9455,81.3923,102.7826,58.71
04-Jul-2014,59.7939,81.3203,102.6601,58.6
03-Jul-2014,59.7225,81.5415,102.4539,58.62
02-Jul-2014,59.9745,82.022,102.8982,59.05
01-Jul-2014,60.137,82.283,102.8343,59.27
30-Jun-2014,60.0933,82.0094,102.3269,59.28
27-Jun-2014,60.0958,81.882,102.3972,59.27
26-Jun-2014,60.1618,82.044,102.2329,59.12
25-Jun-2014,60.2785,82.0475,102.2806,59.15
24-Jun-2014,60.105,81.752,102.3228,58.94
23-Jun-2014,60.1927,81.9065,102.5623,59.05
20-Jun-2014,60.2785,82.12,102.7688,59.17
19-Jun-2014,60.0031,81.7106,102.0473,58.94
18-Jun-2014,60.124,81.431,102.0004,58.81
17-Jun-2014,60.368,81.8665,102.4807,59.21
16-Jun-2014,60.0059,81.2541,101.998,58.96
13-Jun-2014,59.4783,80.712,100.9347,58.28
12-Jun-2014,59.3283,80.3036,99.6834,58.13
11-Jun-2014,59.325,80.32,99.4168,57.99
10-Jun-2014,59.2647,80.5934,99.6299,57.95
09-Jun-2014,59.0605,80.616,99.3457,57.65
06-Jun-2014,59.197,80.8345,99.5161,57.85
05-Jun-2014,59.2973,80.6999,99.3408,57.83
04-Jun-2014,59.336,80.764,99.1801,57.76
03-Jun-2014,59.2125,80.5645,99.1691,57.88
02-Jun-2014,59.1385,80.6285,99.0215,58.01
30-May-2014,59.0335,80.335,98.9106,58.1
29-May-2014,58.8415,80.0315,98.4065,57.85
28-May-2014,59.077,80.53,99.2021,57.98
27-May-2014,59.0585,80.6048,99.614,57.97
26-May-2014,58.5873,79.814,98.661,57.48
23-May-2014,58.483,79.8058,98.6725,57.57
22-May-2014,58.574,80.05,98.8788,57.62
21-May-2014,58.7725,80.5684,99.0199,58.09
20-May-2014,58.7455,80.5261,98.7747,57.93
19-May-2014,58.426,80.117,98.2842,57.67
16-May-2014,58.861,80.7166,98.8217,57.97
15-May-2014,59.4745,81.5526,99.7031,58.34
13-May-2014,59.8773,82.4035,100.9831,58.55
12-May-2014,59.729,82.2235,100.8166,58.6
09-May-2014,60.054,83.0738,101.6534,59.06
08-May-2014,59.9913,83.4805,101.7512,58.96
07-May-2014,60.0399,83.584,101.9658,59.17
06-May-2014,60.202,83.5532,101.6752,59
05-May-2014,60.0475,83.3423,101.3181,58.88
02-May-2014,60.225,83.459,101.6839,58.77
30-Apr-2014,60.3375,83.306,101.4515,58.93
29-Apr-2014,60.5253,83.916,101.7733,59.01
28-Apr-2014,60.5041,83.621,101.6892,59.17
25-Apr-2014,61.1163,84.522,102.7059,59.73
23-Apr-2014,61.0683,84.486,102.7657,59.51
22-Apr-2014,60.7147,83.7695,102.0432,59.25
21-Apr-2014,60.335,83.3835,101.405,58.85
17-Apr-2014,60.3805,83.5737,101.6325,59.2
16-Apr-2014,60.2263,83.291,100.7887,58.91
15-Apr-2014,60.262,83.27,100.7099,59.14
11-Apr-2014,60.267,83.7385,101.0979,59.2
10-Apr-2014,60.2115,83.334,101.0469,59.18
09-Apr-2014,60.074,82.7896,100.5639,58.88
07-Apr-2014,59.9483,82.1525,99.3583,58.13
04-Apr-2014,60.321,82.6545,100.0363,58.1
03-Apr-2014,60.1245,82.7412,100.0712,57.87
02-Apr-2014,59.6463,82.392,99.2097,57.48
28-Mar-2014,60.0998,82.5765,99.8498,58.83
27-Mar-2014,60.1295,82.906,99.6466,58.81
26-Mar-2014,60.1725,83.0915,99.3929,58.81
25-Mar-2014,60.4935,83.6745,99.7719,59.17
24-Mar-2014,60.703,83.807,100.1053,59.26
21-Mar-2014,61.0465,84.1755,100.8061,59.64
20-Mar-2014,61.131,84.5925,101.1718,59.76
19-Mar-2014,61.097,85.0792,101.4149,60.18
18-Mar-2014,60.9453,84.8917,101.3703,59.9
14-Mar-2014,61.517,85.2265,102.2166,60.57
13-Mar-2014,61.0155,85.0232,101.6518,59.46
12-Mar-2014,61.09,84.6545,101.5927,59.39
11-Mar-2014,60.6995,84.159,100.9675,58.78
10-Mar-2014,61.1965,84.945,102.3511,59.34
07-Mar-2014,60.985,84.5255,102.0706,59.22
06-Mar-2014,61.3242,84.1866,102.5402,59.74
05-Mar-2014,61.855,84.9195,103.0566,60.56
04-Mar-2014,61.9045,85.1365,103.2567,60.84
03-Mar-2014,61.8605,85.3085,103.5235,61.01
28-Feb-2014,62.072,85.0285,103.6106,60.99
26-Feb-2014,61.938,85.1148,103.3126,60.53
25-Feb-2014,61.9765,85.1435,103.3086,60.51
24-Feb-2014,62.1185,85.3235,103.3838,60.71
21-Feb-2014,62.1618,85.2685,103.4435,60.66
20-Feb-2014,62.2843,85.6995,103.8404,61.17
18-Feb-2014,62.122,85.168,103.9301,60.51
17-Feb-2014,61.9495,84.9485,104.0194,60.97
14-Feb-2014,62.277,85.1755,103.6663,61.22
13-Feb-2014,62.2725,84.871,103.4658,61.02
12-Feb-2014,62.125,84.7215,102.2515,60.6
11-Feb-2014,62.439,85.2813,102.4811,61.01
10-Feb-2014,62.193,84.7418,102.1396,60.74
07-Feb-2014,62.3155,84.683,101.7768,61.01
06-Feb-2014,62.5045,84.4994,101.9198,61.59
05-Feb-2014,62.4525,84.3548,102.0099,61.58
04-Feb-2014,62.6815,84.7805,101.9765,62.12
03-Feb-2014,62.6891,84.578,102.9668,61.41
31-Jan-2014,62.4768,84.6022,102.9493,60.96
30-Jan-2014,62.7335,85.6075,103.8679,61.22
29-Jan-2014,62.2005,84.964,103.116,60.22
28-Jan-2014,62.9898,86.1715,104.6135,61.36
27-Jan-2014,62.7145,85.8228,103.504,61.21
24-Jan-2014,62.177,85.0894,103.3817,60.14
23-Jan-2014,61.988,83.9765,102.6707,59.42
22-Jan-2014,61.92,83.9267,101.976,59.3
21-Jan-2014,61.5355,83.375,101.0844,58.87
20-Jan-2014,61.6345,83.4245,101.2532,59.19
17-Jan-2014,61.3518,83.5223,100.212,58.78
16-Jan-2014,61.5325,83.8395,100.7349,58.77
15-Jan-2014,61.5885,83.9915,101.0914,58.99
13-Jan-2014,61.52,84.111,101.4772,59.49
10-Jan-2014,61.936,84.305,102.0643,59.01
09-Jan-2014,62.181,84.496,102.3126,59.29
08-Jan-2014,62.243,84.8185,102.1719,59.34
07-Jan-2014,62.379,84.972,102.2454,59.71
06-Jan-2014,62.3265,84.6151,101.9911,59.73
03-Jan-2014,62.4075,85.195,102.5355,59.9
02-Jan-2014,61.902,85.1556,102.7418,58.79
01-Jan-2014,61.9335,85.1235,102.3885,58.83
31-Dec-2013,61.897,85.3635,102.0094,58.97
30-Dec-2013,62.0028,85.1855,102.1682,58.86
27-Dec-2013,62.0595,85.2748,102.032,59.23
26-Dec-2013,61.9755,84.7925,101.4911,59.15
24-Dec-2013,61.8668,84.651,101.1027,59.37
23-Dec-2013,61.9915,84.818,101.3747,59.58
20-Dec-2013,62.242,84.8774,101.8092,59.59
19-Dec-2013,62.38,85.2945,102.1535,59.98
18-Dec-2013,61.9176,85.2692,100.8328,60.16
17-Dec-2013,61.958,85.3345,101.1402,60.17
16-Dec-2013,62.1024,85.4284,101.2704,60.4
13-Dec-2013,62.1266,85.4135,101.5335,59.9
12-Dec-2013,61.62,84.982,100.835,60.03
11-Dec-2013,61.3313,84.378,100.7919,59.72
10-Dec-2013,61.207,84.151,100.6488,59.29
09-Dec-2013,61.1785,83.8195,100.0146,59.38
06-Dec-2013,61.6673,84.2546,100.6472,60.4
05-Dec-2013,61.6895,84.069,101.0782,60.44
04-Dec-2013,62.333,84.6848,102.1825,60.77
03-Dec-2013,62.3443,84.457,102.0639,60.38
02-Dec-2013,62.226,84.641,102.1378,60.74
29-Nov-2013,62.3948,84.9755,102.0592,60.97
28-Nov-2013,62.3896,84.7547,101.8011,61.1
27-Nov-2013,62.3625,84.6755,101.1083,61.43
26-Nov-2013,62.447,84.504,100.8644,61.51
25-Nov-2013,62.577,84.7,101.4248,61.43
22-Nov-2013,63.0236,84.9199,102.0415,62.37
21-Nov-2013,62.8895,84.418,101.1389,62.45
20-Nov-2013,62.558,84.7104,100.7747,62.51
19-Nov-2013,62.2311,84.0585,100.1796,62.32
18-Nov-2013,62.625,84.555,101.0642,62.59
14-Nov-2013,63.0645,84.9475,101.1492,63.31
13-Nov-2013,63.6545,85.5502,101.1661,63.94
12-Nov-2013,63.593,85.1515,101.558,63.85
11-Nov-2013,63.2955,84.595,101.3614,63.97
08-Nov-2013,62.7315,84.0625,100.9224,63.94
07-Nov-2013,62.574,84.6225,100.6252,63.46
06-Nov-2013,61.9225,83.6375,99.5961,62.81
05-Nov-2013,61.788,83.419,98.6569,62.74
01-Nov-2013,61.9046,83.8775,99.1897,63.21
31-Oct-2013,61.41,84.1245,98.2867,62.44
30-Oct-2013,61.4871,84.4855,98.7052,62.61
29-Oct-2013,61.463,84.7244,98.9862,63.01
28-Oct-2013,61.503,84.8825,99.4934,63.01
25-Oct-2013,61.625,85.135,99.9373,63.48
24-Oct-2013,61.4105,84.815,99.528,62.99
23-Oct-2013,61.534,84.7495,99.7466,63.18
22-Oct-2013,61.78,84.4855,99.6573,62.86
21-Oct-2013,61.4885,84.1215,99.4085,62.66
18-Oct-2013,61.276,83.801,99.0281,62.52
17-Oct-2013,61.581,83.4935,98.5111,62.51
15-Oct-2013,61.6929,83.6735,98.5914,62.66
14-Oct-2013,61.3036,83.1487,97.9877,62.4
11-Oct-2013,61.157,82.7795,97.7656,62.15
10-Oct-2013,62.1383,83.8725,99.0236,63.58
09-Oct-2013,61.917,83.9247,99.4511,63.54
08-Oct-2013,61.6885,83.6875,99.2013,63.5
07-Oct-2013,61.776,83.836,99.064,63.62
04-Oct-2013,61.405,83.679,99.2857,63.25
03-Oct-2013,61.9348,84.236,100.4397,63.43
01-Oct-2013,62.3555,84.5365,101.203,63.51
30-Sep-2013,62.777,84.6745,101.4162,64.15
27-Sep-2013,61.811,83.42,99.4972,62.66
26-Sep-2013,62.226,84.1073,100.0594,62.84
25-Sep-2013,62.6981,84.4589,100.2731,63.57
24-Sep-2013,62.6585,84.5955,100.4604,63.32
23-Sep-2013,62.52,84.671,100.2571,63.17
20-Sep-2013,62.243,84.2295,99.8969,62.67
19-Sep-2013,61.748,83.546,99.5625,62.74
18-Sep-2013,63.144,84.3675,100.481,63.65
17-Sep-2013,63.377,84.598,100.8582,63.93
16-Sep-2013,62.484,83.496,99.662,63.23
13-Sep-2013,63.789,84.6675,100.7037,63.88
12-Sep-2013,63.6673,84.723,100.7089,64.1
11-Sep-2013,63.9035,84.651,100.4691,63.68
10-Sep-2013,64.2162,85.2073,100.8259,64.28
06-Sep-2013,65.96,86.5828,102.9108,66.09
05-Sep-2013,66.043,86.994,103.1063,66.18
04-Sep-2013,67.0289,88.2374,104.3171,67.18
03-Sep-2013,66.8875,88.095,103.9499,67.18
02-Sep-2013,65.8608,87.0575,102.5189,66.84
30-Aug-2013,66.5742,88.1605,103.3431,67.83
29-Aug-2013,67.706,90.0295,105.1406,69.22
28-Aug-2013,68.3611,91.4682,106.0281,70.25
27-Aug-2013,65.6675,87.746,102.1983,66.95
26-Aug-2013,64.2347,85.9342,100.007,65.21
23-Aug-2013,64.688,86.3035,100.7968,65.32
22-Aug-2013,65.4207,87.3176,102.0955,66.62
21-Aug-2013,63.4605,85.1205,99.4172,65.02
20-Aug-2013,63.7335,85.0698,99.7875,65.51
19-Aug-2013,62.3461,83.0686,97.3721,63.83
16-Aug-2013,61.8195,82.451,96.5682,63.29
14-Aug-2013,61.516,81.6266,94.9869,62.56
13-Aug-2013,61.4343,81.777,95.0757,63.09
12-Aug-2013,60.8025,81.0345,94.2074,63.07
08-Aug-2013,61.115,81.542,94.771,63.44
07-Aug-2013,61.394,81.699,94.1723,63.22
06-Aug-2013,61.5355,81.5785,94.3708,62.49
05-Aug-2013,60.822,80.7335,92.9664,61.77
02-Aug-2013,60.8035,80.3655,91.9531,61.04
01-Aug-2013,60.7423,80.6025,92.055,61.69
31-Jul-2013,61.115,80.9535,92.9742,62.44
30-Jul-2013,59.828,79.3277,91.7582,60.84
29-Jul-2013,59.297,78.7129,91.181,60.58
26-Jul-2013,58.9133,78.218,90.6794,59.67
25-Jul-2013,58.9415,77.8668,90.4752,59.01
24-Jul-2013,59.4465,78.4355,91.2444,59.51
23-Jul-2013,59.6875,78.6865,91.6621,59.96
22-Jul-2013,59.408,78.1135,90.7398,59.37
19-Jul-2013,59.795,78.5222,91.0319,59.74
18-Jul-2013,59.712,78.2195,90.5891,59.59
17-Jul-2013,59.3623,77.9875,89.6905,59.77
16-Jul-2013,59.3925,77.725,89.8965,59.54
15-Jul-2013,60.051,78.4705,90.713,60.51
12-Jul-2013,59.896,78.3241,90.8802,60.59
11-Jul-2013,59.642,77.985,90.137,60.4
10-Jul-2013,60.133,76.8915,89.52,59.76
09-Jul-2013,60.0745,77.433,89.9075,59.36
08-Jul-2013,61.0455,78.2746,90.8906,60.4
05-Jul-2013,60.3395,77.8085,90.7868,60.14
04-Jul-2013,60.0905,78.0787,91.5779,60.25
03-Jul-2013,60.1005,77.9505,91.0703,59.65
02-Jul-2013,59.4145,77.6085,90.3813,59.53
01-Jul-2013,59.149,77.066,90.0544,59.48
28-Jun-2013,59.6995,77.976,91.1432,60.49
27-Jun-2013,60.588,78.9412,92.9178,61.79
26-Jun-2013,59.8538,78.2265,92.3065,61.36
25-Jun-2013,59.703,78.3826,92.2531,61.25
24-Jun-2013,59.734,78.2286,91.8171,60.66
21-Jun-2013,59.3505,78.593,92.112,60.72
20-Jun-2013,59.7,79.1871,92.2186,61.46
19-Jun-2013,58.7445,78.6996,91.988,61.82
18-Jun-2013,58.4515,77.911,91.5993,61.59
17-Jun-2013,57.731,76.9628,90.6088,60.85
14-Jun-2013,57.741,77.0225,90.6418,60.93
13-Jun-2013,58.414,78.1193,91.6224,62.08
12-Jun-2013,58.274,77.5045,91.158,60.27
11-Jun-2013,58.9255,78.1846,91.8059,59.94
10-Jun-2013,57.782,76.236,89.7123,58.79
07-Jun-2013,56.7445,75.2033,88.5328,58.88
06-Jun-2013,56.869,74.5155,87.6465,57.37
05-Jun-2013,56.4238,73.859,86.5372,56.7
04-Jun-2013,56.6423,73.972,86.6854,56.51
03-Jun-2013,56.574,73.6405,86.1509,56.35
31-May-2013,56.4958,73.6807,86.0092,56.03
30-May-2013,56.0995,72.7976,85.131,55.68
29-May-2013,56.243,72.324,84.5389,55.05
28-May-2013,55.7423,72.0265,84.1709,54.65
27-May-2013,55.6198,71.958,84.1806,55.1
24-May-2013,55.6075,71.9415,83.984,54.71
23-May-2013,55.991,71.86,84.1881,55.04
22-May-2013,55.522,71.6725,84.0936,54.07
21-May-2013,55.0395,70.9269,83.9517,53.67
20-May-2013,55.0368,70.6835,83.6064,53.6
17-May-2013,54.8865,70.5785,83.658,53.54
16-May-2013,54.7723,70.4605,83.3141,53.5
15-May-2013,54.7835,70.7189,83.3805,53.55
14-May-2013,54.6275,71.0193,83.6729,53.85
13-May-2013,54.915,71.3167,84.4428,54.03
10-May-2013,54.5413,71.1075,84.19,53.97
09-May-2013,54.2415,71.362,84.2967,54.95
08-May-2013,54.16,70.998,83.8803,54.77
07-May-2013,54.277,70.9996,84.3193,54.84
06-May-2013,53.9495,70.7203,84.0317,54.36
03-May-2013,53.951,70.4994,83.8075,55.03
02-May-2013,53.7355,70.7155,83.5426,55.24
30-Apr-2013,54.219,70.9775,84.0015,55.47
29-Apr-2013,54.277,70.903,84.2325,55.51
26-Apr-2013,54.2935,70.675,83.8835,55.05
25-Apr-2013,54.1715,70.6215,82.9853,54.64
23-Apr-2013,54.2995,70.8017,82.8773,54.99
22-Apr-2013,54.1665,70.7045,84.4522,54.31
18-Apr-2013,54.0298,70.4933,82.4306,55.14
17-Apr-2013,53.9423,71.0455,82.7691,54.89
16-Apr-2013,54.329,71.0531,83.1723,55.7
15-Apr-2013,54.626,71.415,83.698,55.67
12-Apr-2013,54.4425,71.331,83.7761,54.77
10-Apr-2013,54.534,71.326,83.5952,55.03
09-Apr-2013,54.4613,70.9875,83.1297,54.95
08-Apr-2013,54.7215,71.0502,83.8771,55.51
05-Apr-2013,54.8803,70.9044,83.5415,57.01
04-Apr-2013,54.646,70.0795,82.4144,57.37
03-Apr-2013,54.3885,69.5881,82.0478,58.15
02-Apr-2013,54.3345,69.816,82.7243,58.56
28-Mar-2013,54.3893,69.5438,82.3209,57.76
26-Mar-2013,54.2735,69.8803,82.4903,57.63
25-Mar-2013,54.099,70.4938,82.4658,57.14
22-Mar-2013,54.335,70.1005,82.5566,57.37
21-Mar-2013,54.281,70.228,82.0593,56.71
20-Mar-2013,54.378,70.0365,82.07,57.22
19-Mar-2013,54.2635,70.214,81.9352,56.87
18-Mar-2013,54.2915,70.0187,81.9394,57.5
15-Mar-2013,54.1605,70.5023,81.7444,56.36
14-Mar-2013,54.442,70.5005,81.3336,56.73
13-Mar-2013,54.11,70.5545,80.8376,56.53
12-Mar-2013,54.3365,70.7315,80.8989,56.4
11-Mar-2013,54.2933,70.6107,81.087,56.52
08-Mar-2013,54.4035,71.2385,81.5672,57.06
07-Mar-2013,54.7393,71.1265,82.1418,58.29
06-Mar-2013,54.7065,71.4295,82.7873,58.69
05-Mar-2013,54.652,71.2092,82.6584,58.75
04-Mar-2013,55.0518,71.6145,82.7484,58.97
01-Mar-2013,54.4815,71.2736,82.7193,58.91
28-Feb-2013,53.7735,70.6805,81.569,58.24
27-Feb-2013,53.835,70.3855,81.2424,58.68
26-Feb-2013,54.0645,70.6105,82.1537,58.81
25-Feb-2013,54.0415,71.413,81.8026,57.36
22-Feb-2013,54.427,71.9061,83.2026,58.34
21-Feb-2013,54.48,72.2318,82.7143,58.33
20-Feb-2013,54.051,72.5355,83.4493,57.95
18-Feb-2013,54.2895,72.4405,84.0944,57.79
15-Feb-2013,53.9885,72.0865,83.72,58.38
14-Feb-2013,53.8715,72.376,83.587,57.6
13-Feb-2013,53.85,72.397,84.426,57.86
12-Feb-2013,53.9585,72.2305,84.4882,57.43
11-Feb-2013,53.6793,71.869,84.8455,58.01
08-Feb-2013,53.5695,71.785,84.2541,57.42
07-Feb-2013,53.1445,71.9355,83.2695,56.75
06-Feb-2013,53.0855,72.0165,83.116,56.59
05-Feb-2013,53.2945,71.8773,83.9655,57.71
04-Feb-2013,52.973,72.206,83.1703,57.17
01-Feb-2013,53.3238,72.6296,84.5982,57.85
31-Jan-2013,53.289,72.2325,84.2233,58.66
30-Jan-2013,53.5678,72.234,84.3746,58.95
29-Jan-2013,53.7015,72.2115,84.3543,59.17
28-Jan-2013,53.8905,72.507,84.926,59.29
24-Jan-2013,53.8515,71.721,85.255,60.3
23-Jan-2013,53.771,71.567,85.1356,60.96
22-Jan-2013,53.5115,71.4275,84.8478,59.98
21-Jan-2013,53.8735,71.776,85.5296,60.11
18-Jan-2013,53.9465,72.205,86.2416,59.91
17-Jan-2013,54.6428,72.6545,87.4558,61.65
16-Jan-2013,54.826,72.8285,87.9902,62.2
15-Jan-2013,54.5425,72.8525,87.6934,61.3
14-Jan-2013,54.6355,73.1273,88.1735,60.98
11-Jan-2013,54.539,72.2945,88.0532,61.26
10-Jan-2013,54.6305,71.3235,87.5017,61.99
09-Jan-2013,54.9625,71.9235,88.2286,62.86
08-Jan-2013,55.3278,72.568,89.0501,63.33
07-Jan-2013,54.978,71.669,88.1077,62.67
04-Jan-2013,54.8458,71.5405,88.1646,62.5
03-Jan-2013,54.4153,71.4945,88.2888,62.36
02-Jan-2013,54.389,72.19,88.7574,62.32
01-Jan-2013,54.832,72.4803,89.2254,63.21
31-Dec-2012,54.7773,72.2605,88.5092,63.66
28-Dec-2012,54.8473,72.6298,88.3974,63.46
27-Dec-2012,54.8465,72.633,88.5497,63.98
26-Dec-2012,54.9635,72.4525,88.6781,64.46
24-Dec-2012,55.0858,72.6164,89.0958,65.29
21-Dec-2012,55.086,72.773,89.5368,65.5
20-Dec-2012,54.842,72.4667,89.1128,65.31
19-Dec-2012,54.7365,72.4775,89.018,64.92
18-Dec-2012,54.849,72.244,88.9267,65.31
17-Dec-2012,54.629,71.8595,88.4006,65
14-Dec-2012,54.388,71.292,87.7822,64.86
13-Dec-2012,54.232,70.944,87.5304,64.86
12-Dec-2012,54.2725,70.547,87.4276,65.66
11-Dec-2012,54.316,70.3615,87.3619,65.98
10-Dec-2012,54.3405,70.132,87.0888,65.94
07-Dec-2012,54.2018,70.2175,86.9993,65.77
06-Dec-2012,54.465,71.115,87.6287,66.1
05-Dec-2012,54.569,71.529,87.8997,66.34
04-Dec-2012,54.9473,71.71,88.4212,66.94
03-Dec-2012,54.561,71.0815,87.4558,66.27
30-Nov-2012,54.5265,70.888,87.4823,66.17
29-Nov-2012,55.202,71.47,88.3756,67.2
27-Nov-2012,55.7045,72.35,89.3444,67.72
26-Nov-2012,55.692,72.1005,89.1963,67.84
23-Nov-2012,55.3445,71.3665,88.2966,67.24
22-Nov-2012,55.1575,70.8575,88.0314,66.89
21-Nov-2012,55.2025,70.4255,87.7913,67.39
20-Nov-2012,54.91,70.238,87.3838,67.55
19-Nov-2012,54.9665,70.1595,87.4957,67.65
16-Nov-2012,54.9915,70.223,87.211,67.88
15-Nov-2012,54.959,70.0345,87.1045,68.03
12-Nov-2012,54.934,69.9335,87.3835,69.13
09-Nov-2012,54.34,69.4274,86.9685,68.31
08-Nov-2012,54.4403,69.4755,87.001,68.12
07-Nov-2012,54.252,69.8325,87.0039,67.77
06-Nov-2012,54.5955,69.8635,87.3091,68.19
05-Nov-2012,54.0778,69.3651,86.6867,67.29
02-Nov-2012,53.6645,69.2425,86.3676,66.85
01-Nov-2012,53.7798,69.7105,86.7683,67.25
31-Oct-2012,54.1175,70.1495,87.0751,67.99
30-Oct-2012,54.165,69.8495,86.8319,68.22
29-Oct-2012,53.8065,69.4965,86.5209,67.51
25-Oct-2012,53.63,69.7455,86.178,66.91
23-Oct-2012,53.5895,69.907,85.8129,67.09
22-Oct-2012,53.6735,70.0675,86.0494,67.45
19-Oct-2012,53.7175,70.169,86.1468,67.71
18-Oct-2012,52.969,69.456,85.4549,66.94
17-Oct-2012,52.751,69.0385,85.0768,67.07
16-Oct-2012,52.8193,68.6125,84.9598,66.95
15-Oct-2012,53.1198,68.602,85.1457,67.65
12-Oct-2012,52.7,68.1585,84.5097,67.21
11-Oct-2012,53.073,68.2365,84.9486,68.06
10-Oct-2012,53.0445,68.21,84.8341,67.82
09-Oct-2012,52.375,67.9895,83.999,66.85
08-Oct-2012,52.2145,67.7515,84.0027,66.46
05-Oct-2012,51.6185,67.1735,83.5704,65.83
04-Oct-2012,51.9755,67.198,83.6754,66.14
03-Oct-2012,52.3345,67.4485,84.3004,66.89
01-Oct-2012,52.7845,67.785,85.1625,67.86
28-Sep-2012,52.697,68.1485,85.7117,68
27-Sep-2012,53.255,68.6385,86.2332,68.56
26-Sep-2012,53.5785,68.939,86.6043,68.93
25-Sep-2012,53.534,69.0295,86.8214,68.86
24-Sep-2012,53.293,68.951,86.4359,68.28
21-Sep-2012,53.9055,70.0095,87.6018,68.98
20-Sep-2012,54.3375,70.5725,87.9072,69.49
18-Sep-2012,54.257,71.0335,88.1459,68.99
17-Sep-2012,53.974,70.8415,87.5242,68.95
14-Sep-2012,54.727,71.3415,88.6085,70.55
13-Sep-2012,55.443,71.616,89.3076,71.33
12-Sep-2012,55.2605,71.131,88.8534,70.93
11-Sep-2012,55.5223,70.85,88.8468,70.99
10-Sep-2012,55.339,70.7425,88.5037,70.71
07-Sep-2012,55.523,70.2025,88.4926,70.31
06-Sep-2012,55.9735,70.614,89.0203,71.39
05-Sep-2012,55.895,70.025,88.6271,71.33
04-Sep-2012,55.536,70.019,88.23,70.85
03-Sep-2012,55.454,69.6955,87.9833,70.83
31-Aug-2012,55.7215,69.6555,87.9508,71.04
30-Aug-2012,55.6485,69.836,88.1027,70.78
29-Aug-2012,55.6653,69.9158,88.0458,70.9
28-Aug-2012,55.7795,69.621,88.0424,71.01
27-Aug-2012,55.593,69.496,87.8703,70.62
24-Aug-2012,55.382,69.476,87.7971,70.47
23-Aug-2012,55.1855,69.1584,87.6511,70.3
22-Aug-2012,55.5105,69.1465,87.5956,70.01
21-Aug-2012,55.5405,68.7185,87.393,70.05
17-Aug-2012,55.7023,68.851,87.5473,70.18
16-Aug-2012,55.989,68.6855,87.55,70.64
14-Aug-2012,55.6435,68.8135,87.3102,70.85
13-Aug-2012,55.418,68.0311,86.779,70.79
10-Aug-2012,55.344,68.0425,86.4501,70.51
09-Aug-2012,55.1715,68.269,86.4262,70.28
08-Aug-2012,55.145,68.3135,86.0041,70.38
07-Aug-2012,55.4995,68.699,86.3961,70.92
06-Aug-2012,55.473,68.6615,86.6044,70.77
03-Aug-2012,56.0845,68.3605,87.0263,71.68
02-Aug-2012,55.7765,68.3157,86.7492,71.12
01-Aug-2012,55.4825,68.308,86.9411,71.01
31-Jul-2012,55.807,68.452,87.6672,71.35
30-Jul-2012,55.4428,68.1465,87.1228,70.74
27-Jul-2012,55.413,68.101,86.9319,70.84
26-Jul-2012,55.948,67.9535,86.5572,71.56
25-Jul-2012,56.3755,68.0455,87.444,72.12
24-Jul-2012,56.015,67.8361,86.8905,71.58
23-Jul-2012,55.7643,67.4328,86.7971,71.42
20-Jul-2012,55.1515,67.603,86.5768,70.22
19-Jul-2012,55.383,68.0639,86.7464,70.47
18-Jul-2012,55.3395,67.954,86.551,70.05
17-Jul-2012,55.1455,67.726,86.2972,69.88
16-Jul-2012,54.918,67.1525,85.4689,69.51
13-Jul-2012,55.656,67.8783,85.8883,70.26
12-Jul-2012,55.6985,68.1465,86.2825,70.11
11-Jul-2012,55.365,67.873,85.9486,69.82
10-Jul-2012,55.8055,68.5845,86.532,70.22
09-Jul-2012,56.0215,68.8275,86.7773,70.32
06-Jul-2012,55.415,68.6085,86.0429,69.39
05-Jul-2012,55.025,68.966,85.9325,69.06
04-Jul-2012,54.5525,68.702,85.4783,68.4
03-Jul-2012,54.8125,69.0615,86.0392,68.71
02-Jul-2012,55.83,70.4295,87.4074,70.15
29-Jun-2012,56.309,70.908,88.0616,70.9
28-Jun-2012,56.9195,71.2483,88.9054,71.68
27-Jun-2012,57.2165,71.4625,89.4208,71.93
26-Jun-2012,57.0728,71.4005,88.9594,71.6
25-Jun-2012,56.534,70.8308,88.0941,70.55
22-Jun-2012,56.9928,71.5745,88.9743,70.88
21-Jun-2012,56.4178,71.5215,88.4462,70.85
20-Jun-2012,55.8585,70.8838,87.9325,70.77
19-Jun-2012,56.0143,70.5436,87.85,70.92
18-Jun-2012,55.599,70.664,87.3405,70.18
15-Jun-2012,55.763,70.4411,86.6892,70.69
14-Jun-2012,55.794,70.0703,86.3719,70.29
13-Jun-2012,55.8505,69.8792,86.8782,70.12
12-Jun-2012,56.0545,69.9805,86.6911,70.47
11-Jun-2012,55.2385,69.8215,85.9345,69.42
08-Jun-2012,55.364,69.2125,85.6398,69.88
07-Jun-2012,55.1455,69.2433,85.2219,69.51
06-Jun-2012,55.4958,69.301,85.5773,70.4
05-Jun-2012,55.5615,69.5025,85.5175,70.82
04-Jun-2012,55.5155,68.863,85.2912,71.01
01-Jun-2012,55.9175,69.1297,86.0347,71.29
31-May-2012,56.4225,69.9513,87.3759,71.57
30-May-2012,56.006,69.8495,87.4814,70.51
29-May-2012,55.5835,69.7325,87.1438,69.93
28-May-2012,55.2625,69.634,86.8008,69.63
25-May-2012,55.7253,69.894,87.263,69.98
24-May-2012,56.287,70.816,88.258,70.81
23-May-2012,55.93,70.877,88.1485,70.32
22-May-2012,54.8845,70.2093,86.841,69.08
21-May-2012,54.681,69.8556,86.5245,69.02
18-May-2012,54.8755,69.4885,86.4646,69.21
17-May-2012,54.3875,69.3003,86.5577,67.73
16-May-2012,54.2925,68.8719,86.6074,67.57
15-May-2012,53.84,69.173,86.7201,67.41
14-May-2012,53.7118,69.226,86.3444,67.1
11-May-2012,53.641,69.288,86.4237,67.2
10-May-2012,53.3375,69.068,86.1081,66.93
09-May-2012,53.46,69.4005,86.2711,67
08-May-2012,52.855,68.8078,85.4428,66.12
07-May-2012,53.342,69.3655,86.0913,66.87
04-May-2012,53.7225,70.6465,86.9821,67.01
03-May-2012,53.2395,69.9815,86.1415,66.36
02-May-2012,52.9305,69.9425,85.8533,65.87
30-Apr-2012,52.5193,69.6135,85.4935,65.54
27-Apr-2012,52.6813,69.3815,85.1224,65.18
26-Apr-2012,52.567,69.563,85.0271,64.78
25-Apr-2012,52.485,69.252,84.6583,64.5
24-Apr-2012,52.791,69.5325,85.1704,65.25
23-Apr-2012,52.2295,68.8375,84.16,64.27
20-Apr-2012,51.9995,68.398,83.5398,63.7
19-Apr-2012,51.893,68.063,83.1845,63.65
18-Apr-2012,51.5035,67.5415,81.9884,63.31
17-Apr-2012,51.6265,67.6546,81.939,64.19
16-Apr-2012,51.659,67.1825,81.7969,64.17
13-Apr-2012,51.4175,67.6685,81.9338,63.5
12-Apr-2012,51.442,67.6087,81.9625,63.52
11-Apr-2012,51.547,67.5668,81.9494,63.72
10-Apr-2012,51.204,67.1545,81.5014,63
09-Apr-2012,51.2765,67.0133,81.3809,62.99
04-Apr-2012,51.0465,67.3936,81.0874,61.75
03-Apr-2012,50.5645,67.4854,81.0498,61.63
30-Mar-2012,51.1565,68.3403,81.7992,62.43
29-Mar-2012,51.145,68.224,81.4126,62.02
28-Mar-2012,50.9175,67.85,81.2134,61.52
27-Mar-2012,50.9083,67.986,81.27,61.47
26-Mar-2012,51.309,67.9785,81.3658,62.13
22-Mar-2012,50.9055,67.4035,80.7718,61.09
21-Mar-2012,50.5935,67.1366,80.3425,60.44
20-Mar-2012,50.2545,66.5226,79.7639,60.25
19-Mar-2012,50.1245,66.0025,79.3721,60.12
16-Mar-2012,50.313,65.8262,79.0468,60.28
15-Mar-2012,50.2225,65.5355,78.6384,59.92
14-Mar-2012,49.903,65.0885,78.1481,59.97
13-Mar-2012,49.845,65.6151,77.9675,60.67
12-Mar-2012,49.9448,65.3999,78.2535,60.72
09-Mar-2012,50.015,66.1776,79.0087,61.31
07-Mar-2012,50.5733,66.4959,79.567,62.63
06-Mar-2012,50.0265,66.0203,79.317,61.39
05-Mar-2012,49.7958,65.7392,78.7919,61.27
02-Mar-2012,49.3525,65.6263,78.6827,60.61
01-Mar-2012,49.1545,65.5692,78.249,60.67
29-Feb-2012,48.9408,65.9375,77.9529,60.94
28-Feb-2012,49.143,66.0625,77.8573,60.99
27-Feb-2012,49.0475,65.89,77.7795,60.54
24-Feb-2012,49.065,65.5701,77.1891,61
23-Feb-2012,49.245,65.2903,77.1866,61.35
22-Feb-2012,49.2453,65.1638,76.7485,61.53
21-Feb-2012,49.0835,65.1705,77.7973,61.52
17-Feb-2012,49.2128,64.5849,77.7513,62.2
15-Feb-2012,49.252,64.89,77.4537,62.76
14-Feb-2012,49.3313,64.8391,77.4107,63.25
13-Feb-2012,49.318,65.352,77.8435,63.56
10-Feb-2012,49.6445,65.7995,78.3539,63.94
09-Feb-2012,49.2895,65.5895,78.0992,63.86
08-Feb-2012,49.0683,65.1526,78.0873,63.65
07-Feb-2012,48.915,64.1188,77.3053,63.79
06-Feb-2012,48.679,63.5678,76.7522,63.46
03-Feb-2012,48.964,64.3953,77.4659,64.24
02-Feb-2012,49.1288,64.748,77.8495,64.54
01-Feb-2012,49.5325,64.6569,77.9493,65
31-Jan-2012,49.6825,65.5157,78.1704,65.18
30-Jan-2012,49.503,65.1882,77.7395,64.57
27-Jan-2012,49.648,65.0492,77.7984,64.45
25-Jan-2012,50.0215,65.1255,78.0535,64.19
24-Jan-2012,49.9673,65.0887,77.7441,64.9
23-Jan-2012,50.2435,64.7876,78.1286,65.24
20-Jan-2012,50.3288,65.307,77.9694,65.27
19-Jan-2012,50.289,64.6664,77.601,65.53
18-Jan-2012,50.6655,64.6314,77.7209,66.07
17-Jan-2012,51.065,64.9988,78.4818,66.59
16-Jan-2012,51.6545,65.3173,79.0985,67.24
13-Jan-2012,51.431,66.1743,79.1009,67.05
12-Jan-2012,51.829,65.9013,79.4228,67.41
11-Jan-2012,51.7495,65.991,80.0099,67.29
10-Jan-2012,52.2255,66.7978,80.8399,67.99
09-Jan-2012,52.7325,67.0098,81.3399,68.54
06-Jan-2012,52.7838,67.4618,81.7885,68.34
05-Jan-2012,52.781,68.1905,82.3331,68.82
04-Jan-2012,53.14,69.2485,83.0844,69.31
03-Jan-2012,53.2288,69.1265,82.8666,69.35
02-Jan-2012,53.2975,68.9095,82.6644,69.25
30-Dec-2011,53.266,68.9005,82.0989,68.68
29-Dec-2011,53.3585,68.9881,82.5082,68.67
28-Dec-2011,53.2145,69.5113,83.3179,68.39
27-Dec-2011,52.8945,69.1508,82.7111,67.9
26-Dec-2011,52.8205,68.9345,82.4739,67.75
23-Dec-2011,52.722,68.9048,82.705,67.53
22-Dec-2011,52.7825,68.8775,82.7313,67.63
21-Dec-2011,52.675,69.1277,82.5259,67.72
20-Dec-2011,53.027,68.9987,82.3403,68.03
19-Dec-2011,52.9575,68.9065,82.0365,67.95
16-Dec-2011,52.814,68.8091,82.0043,67.8
15-Dec-2011,54.2355,70.4602,83.7667,69.49
14-Dec-2011,53.577,69.8925,82.9747,68.75
13-Dec-2011,53.403,70.4435,83.3247,68.58
12-Dec-2011,52.4238,69.9405,81.9227,67.52
09-Dec-2011,52.2285,69.6008,81.5496,67.33
08-Dec-2011,51.778,69.4246,81.3225,66.69
07-Dec-2011,51.449,69.1235,80.3788,66.19
05-Dec-2011,51.3925,68.9227,80.2031,65.91
02-Dec-2011,51.3523,69.138,80.505,66.02
01-Dec-2011,51.652,69.5086,81.0575,66.5
30-Nov-2011,52.165,69.4735,81.2887,66.93
29-Nov-2011,51.9308,69.3658,80.6226,66.55
28-Nov-2011,51.983,69.1243,80.5892,66.98
25-Nov-2011,52.1665,69.4263,80.6442,67.39
24-Nov-2011,52.25,69.8261,81.2279,67.75
23-Nov-2011,52.1005,70.0732,81.3028,67.61
22-Nov-2011,52.7015,71.0788,82.4436,68.41
21-Nov-2011,51.7165,69.8883,81.4173,67.31
18-Nov-2011,51.353,69.2589,80.9734,66.8
17-Nov-2011,50.722,68.4619,79.877,65.86
16-Nov-2011,50.901,68.475,80.304,66.06
15-Nov-2011,50.5645,68.7875,80.299,65.6
14-Nov-2011,50.0845,68.8325,80.3631,64.93
11-Nov-2011,50.2795,68.446,80.0776,64.83
09-Nov-2011,49.781,68.8169,80.1051,64.16
08-Nov-2011,49.38,67.8411,79.1981,63.27
04-Nov-2011,49.084,67.791,78.6522,62.85
03-Nov-2011,49.3748,67.592,78.4961,63.26
02-Nov-2011,49.2508,67.6445,78.7348,63.06
01-Nov-2011,49.0775,67.7597,78.7817,62.82
31-Oct-2011,48.873,68.3616,78.1137,61.51
28-Oct-2011,48.821,69.2853,78.5676,64.36
25-Oct-2011,49.6598,69.151,79.3862,65.28
24-Oct-2011,49.8745,69.5253,79.7294,65.37
21-Oct-2011,50.067,69.035,79.1559,65.26
20-Oct-2011,49.711,68.0541,78.086,64.78
19-Oct-2011,49.1775,67.9645,77.4939,64.07
18-Oct-2011,49.136,67.5815,77.5833,63.97
17-Oct-2011,48.8925,67.788,77.3113,63.39
14-Oct-2011,49.0675,67.7248,77.4187,63.78
13-Oct-2011,49.0228,67.5553,77.1276,63.61
12-Oct-2011,49.241,67.1707,76.8012,64.19
11-Oct-2011,49.0333,66.8029,76.5998,63.93
10-Oct-2011,49.071,66.167,76.6538,63.95
07-Oct-2011,49.1355,65.9981,75.9733,64.11
05-Oct-2011,49.1918,65.4394,75.9177,64.14
04-Oct-2011,49.225,65.064,76.0674,64.25
03-Oct-2011,49.424,65.8478,76.7209,64.15
29-Sep-2011,48.9253,66.6458,76.5192,63.9
28-Sep-2011,48.912,66.4313,76.5326,63.93
27-Sep-2011,49.1775,66.6331,76.653,64.41
26-Sep-2011,49.617,66.471,76.6781,65.03
23-Sep-2011,49.673,66.9815,76.5064,65.1
22-Sep-2011,48.8205,66.1025,75.4814,63.61
21-Sep-2011,47.89,65.6372,75.3094,62.8
20-Sep-2011,48.2225,65.6462,75.6322,63.02
19-Sep-2011,47.792,65.3544,75.0573,62.18
16-Sep-2011,47.467,65.7906,74.9599,61.81
15-Sep-2011,47.8435,65.677,75.4014,62.38
14-Sep-2011,47.8055,65.1143,75.1622,62.19
13-Sep-2011,47.0963,64.4222,74.6406,61.16
12-Sep-2011,46.9735,63.6609,74.2181,60.98
09-Sep-2011,46.3843,64.4825,74.0085,59.87
08-Sep-2011,46.1775,64.9545,73.6462,59.7
07-Sep-2011,46.0218,64.7758,73.605,59.57
06-Sep-2011,46.127,64.878,74.1814,60.05
05-Sep-2011,45.9375,64.9718,74.2763,59.87
02-Sep-2011,45.8965,65.4075,74.3133,59.76
30-Aug-2011,46.019,66.6958,75.4251,59.98
29-Aug-2011,45.8708,66.6795,75.1455,59.78
26-Aug-2011,46.0528,66.4788,75.1996,59.73
25-Aug-2011,46.1285,66.259,75.5193,59.84
24-Aug-2011,45.7695,65.9745,75.5769,59.76
23-Aug-2011,45.689,65.7742,75.2909,59.54
22-Aug-2011,45.9483,66.0129,75.7619,59.88
18-Aug-2011,45.6105,65.6845,75.3235,59.5
17-Aug-2011,45.3695,65.3355,74.558,59.17
16-Aug-2011,45.249,65.062,73.8803,58.93
12-Aug-2011,45.374,64.366,73.5308,59.06
11-Aug-2011,45.2713,64.5821,73.335,59.11
10-Aug-2011,45.2058,64.7633,73.5092,58.85
09-Aug-2011,45.1745,64.2588,73.7157,58.42
08-Aug-2011,44.962,64.5563,73.9423,57.78
05-Aug-2011,44.803,63.111,72.8586,57.02
04-Aug-2011,44.4163,63.5501,72.6984,55.93
03-Aug-2011,44.3795,62.8711,72.2054,57.5
02-Aug-2011,44.2288,62.985,72.0907,57.16
01-Aug-2011,44.0485,63.4633,72.4047,56.69
29-Jul-2011,44.1553,63.1018,72.1034,56.95
28-Jul-2011,44.1263,63.3322,72.0538,56.72
27-Jul-2011,43.9485,63.6663,72.1217,56.59
26-Jul-2011,44.2873,64.1666,72.3654,56.73
25-Jul-2011,44.416,63.8654,72.4914,56.67
22-Jul-2011,44.3763,63.8745,72.3422,56.45
21-Jul-2011,44.4328,63.4095,71.8967,56.38
20-Jul-2011,44.4603,62.9435,71.67,56.26
19-Jul-2011,44.5868,62.782,71.622,56.44
18-Jul-2011,44.5743,62.5955,71.7513,56.42
15-Jul-2011,44.5262,62.9779,71.9098,56.24
14-Jul-2011,44.5278,63.1503,71.8011,56.37
13-Jul-2011,44.588,62.3994,71.0733,56.16
12-Jul-2011,44.6878,62.2589,70.8749,55.96
11-Jul-2011,44.3705,62.9578,70.8375,54.93
08-Jul-2011,44.3263,63.6456,70.7448,54.55
07-Jul-2011,44.4173,63.6291,70.9522,54.86
06-Jul-2011,44.383,64.1591,71.2436,54.88
05-Jul-2011,44.4988,64.3968,71.247,54.9
04-Jul-2011,44.4595,64.625,71.5287,55.07
01-Jul-2011,44.5855,64.8018,71.7514,55.33
30-Jun-2011,44.72,64.79,71.9567,55.59
29-Jun-2011,44.94,64.6,71.9107,55.48
28-Jun-2011,45.05,64.34,71.9156,55.78
27-Jun-2011,45.1,63.75,71.8781,55.87
24-Jun-2011,44.94,64.09,71.8928,55.83
23-Jun-2011,44.93,64.21,72.0879,55.86
22-Jun-2011,44.82,64.58,72.837,55.85
21-Jun-2011,44.91,64.48,72.8957,56
20-Jun-2011,44.99,64.01,72.5981,56.11
17-Jun-2011,44.93,63.62,72.4272,55.73
16-Jun-2011,44.9,63.39,72.5449,55.56
15-Jun-2011,44.68,64.29,73.0451,55.53
14-Jun-2011,44.77,64.55,73.4519,55.76
13-Jun-2011,44.87,64.37,72.8285,55.78
10-Jun-2011,44.72,64.72,72.9271,55.83
09-Jun-2011,44.72,65.38,73.4705,55.83
08-Jun-2011,44.61,65.47,73.2786,55.79
07-Jun-2011,44.74,65.48,73.2528,55.72
06-Jun-2011,44.72,65.47,73.4638,55.67
03-Jun-2011,44.85,64.89,73.2916,55.59
02-Jun-2011,44.94,64.58,73.4612,55.47
01-Jun-2011,44.89,64.76,73.8463,55.17
31-May-2011,45.03,64.75,74.4323,55.29
30-May-2011,45.1,64.35,74.2729,55.8
27-May-2011,45.21,64.4,74.3094,55.79
26-May-2011,45.29,64.18,73.8408,55.38
25-May-2011,45.38,63.7,73.3137,55.43
24-May-2011,45.25,63.58,72.8231,55.33
23-May-2011,45.28,63.61,73.3038,55.32
20-May-2011,44.93,64.34,72.9169,54.99
19-May-2011,44.98,64.16,72.6832,55.11
18-May-2011,45.08,64.3,73.3452,55.55
16-May-2011,45.07,63.57,72.9728,55.69
13-May-2011,44.91,64.03,73.0596,55.67
12-May-2011,44.79,63.59,73.1936,55.28
11-May-2011,44.69,64.39,73.124,55.3
10-May-2011,44.73,63.9,73.2074,55.6
09-May-2011,44.7,64.43,73.2253,55.45
06-May-2011,44.78,65.27,73.428,55.59
05-May-2011,44.57,66.23,73.5828,55.48
04-May-2011,44.59,66.04,73.4219,55.09
03-May-2011,44.34,65.75,73.6953,54.76
02-May-2011,44.3,65.57,73.899,54.37
29-Apr-2011,44.38,65.83,73.8794,54.42
28-Apr-2011,44.33,65.78,74.1397,54.24
27-Apr-2011,44.4,65.17,73.26,54.29
26-Apr-2011,44.59,64.81,73.4397,54.56
25-Apr-2011,44.45,64.78,73.3536,54.07
21-Apr-2011,44.3,64.69,72.9244,54
20-Apr-2011,44.38,63.92,72.5569,53.54
19-Apr-2011,44.68,63.53,72.5603,54.18
18-Apr-2011,44.27,63.66,72.0782,53.4
15-Apr-2011,44.52,64.41,72.7167,53.48
13-Apr-2011,44.48,64.42,72.3667,52.9
11-Apr-2011,44.2,63.9,72.2626,52.14
08-Apr-2011,44.04,63.4,72.197,51.75
07-Apr-2011,44.22,63.23,71.9703,51.86
06-Apr-2011,44.2,63.09,72.2493,51.85
05-Apr-2011,44.45,63.01,71.5889,52.69
31-Mar-2011,44.65,63.24,71.9289,54.02
30-Mar-2011,44.77,63.02,71.6947,54.01
29-Mar-2011,44.67,63.09,71.6283,54.7
28-Mar-2011,44.78,62.96,71.639,54.81
25-Mar-2011,44.65,63.28,71.9111,55.14
24-Mar-2011,44.77,63.06,72.6617,55.3
23-Mar-2011,44.96,63.68,73.5658,55.6
22-Mar-2011,44.97,63.98,73.3461,55.59
21-Mar-2011,45.05,63.81,73.0508,55.65
18-Mar-2011,45.09,63.43,72.8226,55.19
17-Mar-2011,45.24,63,72.5672,57.14
16-Mar-2011,45.18,63.13,72.5862,55.92
15-Mar-2011,45.27,63.08,72.9481,55.36
14-Mar-2011,45.15,62.95,72.5877,55
11-Mar-2011,45.21,62.43,72.5462,54.33
10-Mar-2011,45.11,62.56,72.9068,54.44
09-Mar-2011,45.02,62.54,72.7028,54.31
08-Mar-2011,45.03,62.94,72.9756,54.68
07-Mar-2011,45.13,63.06,73.3588,54.84
04-Mar-2011,44.99,62.8,73.2392,54.64
03-Mar-2011,44.96,62.33,73.3747,54.93
01-Mar-2011,45.12,62.32,73.4305,54.91
28-Feb-2011,45.18,62.15,72.7872,55.32
25-Feb-2011,45.37,62.68,73.2499,55.34
24-Feb-2011,45.37,62.39,73.5425,55.28
23-Feb-2011,45.2,61.88,73.1675,54.68
22-Feb-2011,45.2,61.41,73.0703,54.25
21-Feb-2011,45.11,61.7,73.2519,54.24
18-Feb-2011,45.18,61.43,73.0402,54.25
17-Feb-2011,45.38,61.6,73.0845,54.28
15-Feb-2011,45.45,61.43,72.9086,54.43
14-Feb-2011,45.5,61.63,73.0685,54.69
11-Feb-2011,45.76,62.02,73.3899,54.79
10-Feb-2011,45.58,62.41,73.3656,55.19
09-Feb-2011,45.33,61.86,72.8906,55.03
08-Feb-2011,45.39,61.84,73.3094,55.17
07-Feb-2011,45.59,62.04,73.5845,55.44
04-Feb-2011,45.64,62.24,73.6698,55.91
03-Feb-2011,45.63,62.96,73.8932,55.9
02-Feb-2011,45.63,63.16,73.7267,55.99
01-Feb-2011,45.81,62.84,73.5892,55.95
31-Jan-2011,45.95,62.54,72.9525,56.02
28-Jan-2011,45.74,62.73,72.7312,55.34
27-Jan-2011,45.57,62.46,72.5019,55.44
25-Jan-2011,45.53,62.14,72.7797,55.24
24-Jan-2011,45.58,62.01,72.7913,55.08
21-Jan-2011,45.7,61.65,72.7818,55.14
20-Jan-2011,45.58,61.45,72.732,55.53
19-Jan-2011,45.38,61.15,72.7124,55.15
18-Jan-2011,45.53,60.62,72.5566,55.18
17-Jan-2011,45.59,60.73,72.3126,54.99
14-Jan-2011,45.3,60.4,71.7326,54.84
13-Jan-2011,45.13,59.1,71.0549,54.33
12-Jan-2011,45.16,58.68,70.6438,54.34
11-Jan-2011,45.32,58.7,70.5428,54.57
10-Jan-2011,45.44,58.63,70.6115,54.68
07-Jan-2011,45.37,58.93,70.0377,54.34
06-Jan-2011,45.31,59.56,70.2645,54.48
05-Jan-2011,45.2,59.99,70.2724,55.09
04-Jan-2011,44.84,59.79,69.3249,54.56
03-Jan-2011,44.67,59.37,69.4484,54.97
31-Dec-2010,44.81,59.81,69.2852,55.06
30-Dec-2010,44.9,59.47,69.6938,55.16
29-Dec-2010,45.12,59.22,69.4284,54.87
28-Dec-2010,45.17,59.75,69.887,54.8
27-Dec-2010,45.15,59.32,69.7071,54.55
24-Dec-2010,45.23,59.34,69.9256,54.5
23-Dec-2010,45.02,59.12,69.4208,54.16
22-Dec-2010,45.13,59.32,69.9019,53.89
21-Dec-2010,45.26,59.61,70.3884,54.08
20-Dec-2010,45.38,59.77,70.4252,54.1
16-Dec-2010,45.39,60.05,70.6632,53.89
15-Dec-2010,45.32,60.27,71.2362,54.04
14-Dec-2010,45.01,60.31,71.4151,53.94
13-Dec-2010,45.25,59.69,71.4181,53.79
10-Dec-2010,45.22,59.99,71.4114,54.03
09-Dec-2010,45.17,60.04,71.4793,53.81
08-Dec-2010,45.12,59.63,70.8091,53.73
07-Dec-2010,44.84,59.72,70.614,54.27
06-Dec-2010,44.85,59.92,70.6163,54.13
03-Dec-2010,45.09,59.63,70.4712,53.94
02-Dec-2010,45.37,59.52,70.877,53.94
01-Dec-2010,45.7,59.53,71.1869,54.75
30-Nov-2010,46.04,60.36,71.6106,54.77
29-Nov-2010,45.81,60.66,71.5186,54.5
26-Nov-2010,45.74,60.84,71.8873,54.54
25-Nov-2010,45.64,60.81,71.9127,54.68
24-Nov-2010,45.66,61.12,72.177,54.9
23-Nov-2010,45.61,61.8,72.5518,54.5
22-Nov-2010,45.29,62.27,72.5433,54.28
19-Nov-2010,45.26,61.78,72.6016,54.25
18-Nov-2010,45.45,61.8,72.395,54.64
16-Nov-2010,45.22,61.55,72.5442,54.52
15-Nov-2010,45.14,61.74,72.7386,54.43
12-Nov-2010,44.64,60.73,71.6293,54.2
11-Nov-2010,44.25,60.96,71.4372,53.81
10-Nov-2010,44.39,61.11,71.0329,54.25
09-Nov-2010,44.4,61.58,71.5906,54.89
08-Nov-2010,44.26,61.81,71.4224,54.49
04-Nov-2010,44.32,62.59,71.4616,54.84
03-Nov-2010,44.36,62.11,71.098,55
02-Nov-2010,44.43,61.92,71.3724,55.16
01-Nov-2010,44.42,62.16,71.4052,55.22
29-Oct-2010,44.54,61.81,70.9255,55.21
28-Oct-2010,44.49,61.56,70.401,54.6
27-Oct-2010,44.52,61.47,70.4663,54.5
26-Oct-2010,44.43,62.07,70.1017,55.03
25-Oct-2010,44.36,62.33,69.9225,54.94
22-Oct-2010,44.46,62.07,69.9845,54.84
21-Oct-2010,44.36,61.95,70.1842,54.78
20-Oct-2010,44.29,61.05,69.6726,54.47
19-Oct-2010,44.46,61.85,70.5069,54.6
18-Oct-2010,44.26,61.45,70.4,54.52
15-Oct-2010,44.03,61.95,70.5471,54.24
14-Oct-2010,44.18,62.25,70.6504,54.41
13-Oct-2010,44.5,62.09,70.4969,54.37
12-Oct-2010,44.74,61.81,70.989,54.68
11-Oct-2010,44.3,61.93,70.6031,54.05
08-Oct-2010,44.38,61.8,70.3711,53.87
07-Oct-2010,44.28,61.7,70.3211,53.46
06-Oct-2010,44.3,61.34,70.4592,53.26
05-Oct-2010,44.72,61.34,70.7292,53.43
04-Oct-2010,44.37,61.13,70.0891,53.25
01-Oct-2010,44.68,60.96,70.2079,53.53
29-Sep-2010,44.92,61,71.1421,53.7
28-Sep-2010,45.13,60.66,71.3099,53.59
27-Sep-2010,45.04,60.62,71.2961,53.46
24-Sep-2010,45.54,60.75,71.3976,53.79
23-Sep-2010,45.59,61.1,71.4236,53.9
22-Sep-2010,45.53,60.58,71.432,53.6
21-Sep-2010,45.73,59.84,71.2405,53.44
20-Sep-2010,45.61,59.63,71.4093,53.23
17-Sep-2010,45.97,60.34,72.166,53.65
16-Sep-2010,46.3,60.14,72.1933,54.25
15-Sep-2010,46.37,60.17,71.8387,54.65
14-Sep-2010,46.37,59.63,71.229,55.47
13-Sep-2010,46.31,59.39,71.674,55.23
09-Sep-2010,46.56,59.11,71.8374,55.65
08-Sep-2010,46.7,59.43,71.8806,55.89
07-Sep-2010,46.71,59.76,71.7816,55.59
06-Sep-2010,46.48,60.01,71.958,55.12
03-Sep-2010,46.67,59.82,71.9861,55.4
02-Sep-2010,46.78,59.94,72.1418,55.57
01-Sep-2010,46.87,59.6,72.222,55.53
31-Aug-2010,47.08,59.5,72.635,55.96
30-Aug-2010,46.84,59.67,72.7777,55.13
27-Aug-2010,46.86,59.59,72.6681,55.31
26-Aug-2010,46.81,59.45,72.8574,55.25
25-Aug-2010,46.93,59.35,72.3262,55.66
24-Aug-2010,46.79,59.19,72.2157,55.08
23-Aug-2010,46.61,59.28,72.5974,54.58
20-Aug-2010,46.58,59.66,72.3993,54.58
18-Aug-2010,46.64,59.88,72.4179,54.55
17-Aug-2010,46.68,59.98,73.1476,54.74
16-Aug-2010,46.78,59.87,73.0938,54.49
13-Aug-2010,46.58,60.05,72.7906,54.1
12-Aug-2010,46.94,60.54,73.67,55
11-Aug-2010,46.54,60.78,73.4262,54.54
10-Aug-2010,46.3,60.93,73.1586,53.93
09-Aug-2010,46.07,61.26,73.659,53.85
06-Aug-2010,46.02,60.7,73.2086,53.42
05-Aug-2010,46.23,60.8,73.4595,53.67
04-Aug-2010,46.22,61.07,73.6862,54.06
03-Aug-2010,46.22,60.81,73.4574,53.43
02-Aug-2010,46.19,60.42,72.7377,53.34
30-Jul-2010,46.46,60.73,72.5357,53.7
29-Jul-2010,46.63,60.74,72.8687,53.39
28-Jul-2010,46.57,60.62,72.6678,53.01
27-Jul-2010,46.76,60.8,72.5715,53.75
26-Jul-2010,46.86,60.64,72.5205,53.59
23-Jul-2010,47,60.53,71.8795,53.97
22-Jul-2010,47.33,60.38,71.7546,54.78
21-Jul-2010,47.25,60.98,72.3209,54.2
20-Jul-2010,47.1,61.29,72.0489,54.14
19-Jul-2010,47.08,60.62,71.9335,54.36
16-Jul-2010,46.8,60.37,72.0814,53.66
15-Jul-2010,46.74,59.47,71.3089,53.06
14-Jul-2010,46.63,59.29,70.9219,52.43
13-Jul-2010,46.93,58.9,70.3082,52.95
12-Jul-2010,46.73,58.8,69.9408,52.63
09-Jul-2010,46.75,59.36,70.9221,52.81
08-Jul-2010,46.85,59.32,71.3666,53.05
07-Jul-2010,47.08,59.27,71.2085,53.94
06-Jul-2010,46.8,58.77,71.0073,53.33
05-Jul-2010,46.69,58.57,70.9244,53.1
02-Jul-2010,46.68,58.29,70.7879,53.03
01-Jul-2010,46.68,56.99,69.5812,52.83
30-Jun-2010,46.6,56.94,70.0724,52.61
29-Jun-2010,46.52,56.93,70.0824,52.37
28-Jun-2010,46.16,57.03,69.3692,51.64
25-Jun-2010,46.54,57.39,69.6331,51.99
24-Jun-2010,46.24,57.05,69.2629,51.48
23-Jun-2010,46.31,56.85,68.687,51.23
22-Jun-2010,46.04,56.67,67.863,50.73
21-Jun-2010,45.64,56.83,68.0607,50.29
18-Jun-2010,46.14,57.18,68.4671,50.82
17-Jun-2010,46.5,57.09,68.3643,50.92
16-Jun-2010,46.35,57.16,68.6745,50.61
15-Jun-2010,46.73,56.92,68.6791,51.25
14-Jun-2010,46.57,56.81,68.2344,50.66
11-Jun-2010,46.82,56.66,68.9729,51.14
10-Jun-2010,46.98,56.58,68.4663,51.61
09-Jun-2010,46.98,56.2,67.9025,51.38
08-Jun-2010,46.95,56.13,68.0517,51.12
07-Jun-2010,47.28,56.38,68.2369,51.87
04-Jun-2010,46.67,56.85,68.3365,50.36
03-Jun-2010,46.52,57.22,68.5309,50.36
02-Jun-2010,47.19,57.59,69.4826,51.61
01-Jun-2010,46.69,57.26,67.7379,51.21
31-May-2010,46.45,57.17,67.3293,50.78
28-May-2010,46.54,57.38,67.7809,51.05
26-May-2010,47.57,58.43,68.3843,52.71
25-May-2010,47.4,58.19,67.9621,52.82
24-May-2010,46.67,58.38,67.6435,51.65
21-May-2010,46.95,59.03,67.6643,52.06
20-May-2010,46.75,57.69,66.9998,51.36
19-May-2010,46,56.07,65.8743,50
18-May-2010,45.55,56.37,65.9268,49.16
17-May-2010,45.72,56.19,65.6471,49.66
14-May-2010,45.1,56.57,65.6859,48.59
13-May-2010,44.99,56.98,66.9091,48.18
12-May-2010,45.33,57.28,67.5213,48.93
11-May-2010,45.14,57.28,66.6808,48.81
10-May-2010,44.96,58.34,66.86,48.36
07-May-2010,45.58,57.81,67.0505,49.52
06-May-2010,45.4,57.91,68.4337,48.41
05-May-2010,44.87,58.27,68.0364,47.34
04-May-2010,44.56,58.72,67.8872,46.93
03-May-2010,44.56,59,67.9473,47.38
30-Apr-2010,44.44,58.94,68.3132,47.25
29-Apr-2010,44.57,58.88,67.6706,47.42
28-Apr-2010,44.6,58.9,68.0797,47.78
27-Apr-2010,44.45,59.43,68.6397,47.38
26-Apr-2010,44.33,59.19,68.399,47.02
23-Apr-2010,44.54,58.91,68.2642,47.67
22-Apr-2010,44.45,59.57,68.7219,47.75
21-Apr-2010,44.41,59.67,68.3648,47.6
20-Apr-2010,44.61,60.01,68.2332,48.17
19-Apr-2010,44.6,60.05,68.0306,48.49
16-Apr-2010,44.49,60.16,68.5457,48.03
15-Apr-2010,44.38,60.53,68.8178,47.57
13-Apr-2010,44.62,60.63,68.6055,48.06
12-Apr-2010,44.35,60.5,67.5008,47.57
09-Apr-2010,44.35,59.3,67.8444,47.35
08-Apr-2010,44.69,59.49,67.8506,47.95
07-Apr-2010,44.42,59.39,67.756,47.28
06-Apr-2010,44.45,59.67,67.6596,47.28
05-Apr-2010,44.73,60.29,68.1685,47.3
31-Mar-2010,45.14,60.56,68.0328,48.44
30-Mar-2010,44.94,60.76,67.6369,48.58
29-Mar-2010,45.08,60.61,67.4059,48.68
26-Mar-2010,45.34,60.52,67.4296,49.01
25-Mar-2010,45.63,60.71,67.8906,49.57
23-Mar-2010,45.56,61.6,68.6771,50.43
22-Mar-2010,45.49,61.45,68.028,50.28
19-Mar-2010,45.48,61.89,69.0932,50.28
18-Mar-2010,45.49,62.22,69.577,50.46
17-Mar-2010,45.41,62.55,69.0981,50.13
15-Mar-2010,45.58,62.8,69.0993,50.31
12-Mar-2010,45.45,62.27,68.4886,50.14
11-Mar-2010,45.47,62.02,68.0891,50.31
10-Mar-2010,45.41,61.75,68.006,50.42
09-Mar-2010,45.54,62.01,68.4239,50.59
08-Mar-2010,45.43,62.12,68.8424,50.24
05-Mar-2010,45.78,62.15,68.8348,51.25
04-Mar-2010,45.82,62.61,68.9866,51.9
03-Mar-2010,45.9,62.58,68.9418,51.65
02-Mar-2010,46.02,62.31,68.7217,51.51
26-Feb-2010,46.23,62.81,70.6579,51.73
25-Feb-2010,46.36,62.42,71.0467,51.82
24-Feb-2010,46.25,62.63,71.4724,51.27
23-Feb-2010,46.13,62.84,71.5891,50.63
22-Feb-2010,46.16,62.92,71.4211,50.34
19-Feb-2010,46.47,62.56,71.5034,50.55
18-Feb-2010,46.22,62.76,72.3643,50.86
17-Feb-2010,46.02,63.36,72.6012,50.94
16-Feb-2010,46.18,62.98,72.4841,51.41
15-Feb-2010,46.38,63,72.5708,51.46
11-Feb-2010,46.46,64.02,72.6541,51.66
10-Feb-2010,46.56,64.07,72.9875,51.94
09-Feb-2010,46.68,63.94,72.9398,52.2
08-Feb-2010,46.81,63.8,72.9019,52.39
05-Feb-2010,46.56,63.85,73.2086,51.89
04-Feb-2010,46.09,63.96,73.2209,50.65
03-Feb-2010,46.04,64.33,73.7906,50.88
02-Feb-2010,46.25,64.39,73.7757,50.96
01-Feb-2010,46.34,64.32,73.9,51.37
29-Jan-2010,46.37,0,0,0
28-Jan-2010,46.31,0,0,0
27-Jan-2010,46.29,0,0,0
25-Jan-2010,46.18,0,0,0
22-Jan-2010,46.17,0,0,0
21-Jan-2010,45.97,0,0,0
20-Jan-2010,45.95,0,0,0
19-Jan-2010,45.62,0,0,0
18-Jan-2010,45.66,0,0,0
15-Jan-2010,45.67,0,0,0
14-Jan-2010,45.48,0,0,0
13-Jan-2010,45.68,0,0,0
12-Jan-2010,45.4,0,0,0
11-Jan-2010,45.36,0,0,0
08-Jan-2010,45.8,0,0,0
07-Jan-2010,45.87,0,0,0
06-Jan-2010,46.12,0,0,0
05-Jan-2010,46.2,0,0,0
04-Jan-2010,46.51,0,0,0
01-Jan-2010,46.65,0,0,0
31-Dec-2009,46.68,0,0,0
30-Dec-2009,46.73,0,0,0
29-Dec-2009,46.69,0,0,0
24-Dec-2009,46.76,0,0,0
23-Dec-2009,46.85,0,0,0
22-Dec-2009,46.8,0,0,0
21-Dec-2009,46.8,0,0,0
18-Dec-2009,46.85,0,0,0
17-Dec-2009,46.78,0,0,0
16-Dec-2009,46.68,0,0,0
15-Dec-2009,46.64,0,0,0
14-Dec-2009,46.66,0,0,0
11-Dec-2009,46.52,0,0,0
10-Dec-2009,46.72,0,0,0
09-Dec-2009,46.77,0,0,0
08-Dec-2009,46.67,0,0,0
07-Dec-2009,46.44,0,0,0
04-Dec-2009,46.25,0,0,0
03-Dec-2009,46.22,0,0,0
02-Dec-2009,46.27,0,0,0
01-Dec-2009,46.45,0,0,0
30-Nov-2009,46.48,0,0,0
27-Nov-2009,46.81,0,0,0
26-Nov-2009,46.27,0,0,0
25-Nov-2009,46.34,0,0,0
24-Nov-2009,46.6,0,0,0
23-Nov-2009,46.49,0,0,0
20-Nov-2009,46.58,0,0,0
19-Nov-2009,46.41,0,0,0
18-Nov-2009,46.26,0,0,0
17-Nov-2009,46.25,0,0,0
16-Nov-2009,46.09,0,0,0
13-Nov-2009,46.5,0,0,0
12-Nov-2009,46.5,0,0,0
11-Nov-2009,46.57,0,0,0
10-Nov-2009,46.53,0,0,0
09-Nov-2009,46.58,0,0,0
06-Nov-2009,46.82,0,0,0
05-Nov-2009,47.13,0,0,0
04-Nov-2009,47.13,0,0,0
03-Nov-2009,47.04,0,0,0
30-Oct-2009,46.96,0,0,0
29-Oct-2009,47.52,0,0,0
28-Oct-2009,47.15,0,0,0
27-Oct-2009,46.83,0,0,0
26-Oct-2009,46.58,0,0,0
23-Oct-2009,46.45,0,0,0
22-Oct-2009,46.66,0,0,0
21-Oct-2009,46.44,0,0,0
20-Oct-2009,46.04,0,0,0
16-Oct-2009,46.27,0,0,0
15-Oct-2009,45.91,0,0,0
14-Oct-2009,46.16,0,0,0
12-Oct-2009,46.58,0,0,0
09-Oct-2009,46.5,0,0,0
08-Oct-2009,46.28,0,0,0
07-Oct-2009,46.82,0,0,0
06-Oct-2009,47.16,0,0,0
05-Oct-2009,47.53,0,0,0
01-Oct-2009,47.86,0,0,0
29-Sep-2009,48.04,0,0,0
25-Sep-2009,47.98,0,0,0
24-Sep-2009,48.1,0,0,0
23-Sep-2009,47.96,0,0,0
22-Sep-2009,48.17,0,0,0
18-Sep-2009,48.18,0,0,0
17-Sep-2009,47.97,0,0,0
16-Sep-2009,48.36,0,0,0
15-Sep-2009,48.57,0,0,0
14-Sep-2009,48.7,0,0,0
11-Sep-2009,48.51,0,0,0
10-Sep-2009,48.37,0,0,0
09-Sep-2009,48.47,0,0,0
08-Sep-2009,48.65,0,0,0
07-Sep-2009,48.75,0,0,0
04-Sep-2009,48.89,0,0,0
03-Sep-2009,48.88,0,0,0
02-Sep-2009,49.06,0,0,0
01-Sep-2009,48.73,0,0,0
31-Aug-2009,48.88,0,0,0
28-Aug-2009,48.87,0,0,0
27-Aug-2009,48.98,0,0,0
26-Aug-2009,48.83,0,0,0
25-Aug-2009,48.79,0,0,0
24-Aug-2009,48.5,0,0,0
21-Aug-2009,48.74,0,0,0
20-Aug-2009,48.7,0,0,0
18-Aug-2009,48.74,0,0,0
17-Aug-2009,48.68,0,0,0
14-Aug-2009,48.27,0,0,0
13-Aug-2009,48.14,0,0,0
12-Aug-2009,48.35,0,0,0
11-Aug-2009,47.94,0,0,0
10-Aug-2009,47.81,0,0,0
07-Aug-2009,47.86,0,0,0
06-Aug-2009,47.58,0,0,0
05-Aug-2009,47.67,0,0,0
04-Aug-2009,47.54,0,0,0
03-Aug-2009,47.87,0,0,0
31-Jul-2009,48.16,0,0,0
30-Jul-2009,48.49,0,0,0
29-Jul-2009,48.47,0,0,0
28-Jul-2009,48.21,0,0,0
27-Jul-2009,48.21,0,0,0
24-Jul-2009,48.38,0,0,0
23-Jul-2009,48.44,0,0,0
22-Jul-2009,48.37,0,0,0
21-Jul-2009,48.27,0,0,0
20-Jul-2009,48.43,0,0,0
17-Jul-2009,48.69,0,0,0
16-Jul-2009,48.74,0,0,0
15-Jul-2009,48.72,0,0,0
14-Jul-2009,48.84,0,0,0
13-Jul-2009,49.4,0,0,0
10-Jul-2009,48.69,0,0,0
09-Jul-2009,48.92,0,0,0
08-Jul-2009,48.92,0,0,0
07-Jul-2009,48.52,0,0,0
06-Jul-2009,48.22,0,0,0
03-Jul-2009,47.99,0,0,0
02-Jul-2009,47.79,0,0,0
01-Jul-2009,48.09,0,0,0
30-Jun-2009,47.87,0,0,0
29-Jun-2009,48.2,0,0,0
26-Jun-2009,48.51,0,0,0
25-Jun-2009,48.53,0,0,0
24-Jun-2009,48.53,0,0,0
23-Jun-2009,48.91,0,0,0
22-Jun-2009,48.39,0,0,0
19-Jun-2009,48.13,0,0,0
18-Jun-2009,48.06,0,0,0
17-Jun-2009,47.91,0,0,0
16-Jun-2009,47.76,0,0,0
15-Jun-2009,47.94,0,0,0
12-Jun-2009,47.41,0,0,0
11-Jun-2009,47.42,0,0,0
10-Jun-2009,47.27,0,0,0
09-Jun-2009,47.59,0,0,0
08-Jun-2009,47.38,0,0,0
05-Jun-2009,47.08,0,0,0
04-Jun-2009,47.16,0,0,0
03-Jun-2009,46.84,0,0,0
02-Jun-2009,47.14,0,0,0
01-Jun-2009,46.99,0,0,0
29-May-2009,47.29,0,0,0
28-May-2009,47.83,0,0,0
27-May-2009,47.67,0,0,0
26-May-2009,47.63,0,0,0
25-May-2009,47.22,0,0,0
22-May-2009,47.19,0,0,0
21-May-2009,47.4,0,0,0
20-May-2009,47.71,0,0,0
19-May-2009,47.49,0,0,0
18-May-2009,48.17,0,0,0
15-May-2009,49.55,0,0,0
14-May-2009,49.83,0,0,0
13-May-2009,49.34,0,0,0
12-May-2009,49.59,0,0,0
11-May-2009,49.23,0,0,0
08-May-2009,49.25,0,0,0
07-May-2009,49.46,0,0,0
06-May-2009,49.5,0,0,0
05-May-2009,49.65,0,0,0
04-May-2009,49.68,0,0,0
29-Apr-2009,50.22,0,0,0
28-Apr-2009,50.44,0,0,0
27-Apr-2009,49.98,0,0,0
24-Apr-2009,49.94,0,0,0
23-Apr-2009,50.22,0,0,0
22-Apr-2009,50.2,0,0,0
21-Apr-2009,50.36,0,0,0
20-Apr-2009,49.95,0,0,0
17-Apr-2009,49.71,0,0,0
16-Apr-2009,49.49,0,0,0
15-Apr-2009,49.88,0,0,0
13-Apr-2009,49.86,0,0,0
09-Apr-2009,49.91,0,0,0
08-Apr-2009,50.53,0,0,0
06-Apr-2009,50,0,0,0
02-Apr-2009,50.3,0,0,0
31-Mar-2009,50.95,0,0,0
30-Mar-2009,51.08,0,0,0
26-Mar-2009,50.54,0,0,0
25-Mar-2009,50.83,0,0,0
24-Mar-2009,50.31,0,0,0
23-Mar-2009,50.52,0,0,0
20-Mar-2009,50.14,0,0,0
19-Mar-2009,50.77,0,0,0
18-Mar-2009,51.35,0,0,0
17-Mar-2009,51.25,0,0,0
16-Mar-2009,51.58,0,0,0
13-Mar-2009,51.67,0,0,0
12-Mar-2009,51.7,0,0,0
09-Mar-2009,51.8,0,0,0
06-Mar-2009,51.51,0,0,0
05-Mar-2009,52.06,0,0,0
04-Mar-2009,51.93,0,0,0
03-Mar-2009,51.66,0,0,0
02-Mar-2009,51.75,0,0,0
27-Feb-2009,50.73,0,0,0
26-Feb-2009,50.41,0,0,0
25-Feb-2009,49.82,0,0,0
24-Feb-2009,49.89,0,0,0
19-Feb-2009,49.85,0,0,0
18-Feb-2009,49.85,0,0,0
17-Feb-2009,49.16,0,0,0
16-Feb-2009,48.72,0,0,0
13-Feb-2009,48.72,0,0,0
12-Feb-2009,48.72,0,0,0
11-Feb-2009,48.82,0,0,0
10-Feb-2009,48.7,0,0,0
09-Feb-2009,48.6,0,0,0
06-Feb-2009,48.73,0,0,0
05-Feb-2009,48.82,0,0,0
04-Feb-2009,48.65,0,0,0
03-Feb-2009,48.8,0,0,0
02-Feb-2009,49.01,0,0,0
30-Jan-2009,49.02,0,0,0
29-Jan-2009,48.9,64.63,74.7832,51.59
28-Jan-2009,48.87,0,0,0
27-Jan-2009,48.85,0,0,0
23-Jan-2009,49.19,0,0,0
22-Jan-2009,48.93,0,0,0
21-Jan-2009,49.12,0,0,0
20-Jan-2009,48.99,0,0,0
19-Jan-2009,48.56,0,0,0
16-Jan-2009,48.77,0,0,0
15-Jan-2009,49.08,0,0,0
14-Jan-2009,48.7,0,0,0
13-Jan-2009,48.91,0,0,0
12-Jan-2009,48.6,0,0,0
09-Jan-2009,48.92,0,0,0
07-Jan-2009,48.61,0,0,0
06-Jan-2009,48.68,0,0,0
05-Jan-2009,48.37,0,0,0
02-Jan-2009,48.89,0,0,0
01-Jan-2009,48.73,0,0,0
31-Dec-2008,48.45,0,0,0
30-Dec-2008,48.5,0,0,0
29-Dec-2008,48.76,0,0,0
26-Dec-2008,47.89,0,0,0
24-Dec-2008,48.99,0,0,0
23-Dec-2008,48.49,0,0,0
22-Dec-2008,47.39,0,0,0
19-Dec-2008,47.08,0,0,0
18-Dec-2008,47.28,0,0,0
17-Dec-2008,47.33,0,0,0
16-Dec-2008,47.82,0,0,0
15-Dec-2008,47.94,0,0,0
12-Dec-2008,48.71,0,0,0
11-Dec-2008,48.52,0,0,0
10-Dec-2008,49.12,0,0,0
08-Dec-2008,49.22,0,0,0
05-Dec-2008,49.69,0,0,0
04-Dec-2008,49.79,0,0,0
03-Dec-2008,49.9,0,0,0
02-Dec-2008,50.52,0,0,0
01-Dec-2008,50.09,0,0,0
28-Nov-2008,49.84,0,0,0
26-Nov-2008,49.85,0,0,0
25-Nov-2008,49.97,0,0,0
24-Nov-2008,50.09,0,0,0
21-Nov-2008,50.03,0,0,0
20-Nov-2008,50.52,0,0,0
19-Nov-2008,49.74,0,0,0
18-Nov-2008,49.68,0,0,0
17-Nov-2008,48.99,0,0,0
14-Nov-2008,49.46,0,0,0
12-Nov-2008,48.79,0,0,0
11-Nov-2008,47.59,0,0,0
10-Nov-2008,47.32,0,0,0
07-Nov-2008,47.76,0,0,0
06-Nov-2008,47.67,0,0,0
05-Nov-2008,47.18,0,0,0
04-Nov-2008,48.62,0,0,0
03-Nov-2008,48.96,0,0,0
31-Oct-2008,49.25,0,0,0
29-Oct-2008,49.77,0,0,0
27-Oct-2008,50.09,0,0,0
24-Oct-2008,49.95,0,0,0
23-Oct-2008,49.79,0,0,0
22-Oct-2008,49.29,0,0,0
20-Oct-2008,48.83,0,0,0
17-Oct-2008,48.68,0,0,0
16-Oct-2008,48.86,0,0,0
15-Oct-2008,48.43,0,0,0
14-Oct-2008,47.71,0,0,0
13-Oct-2008,48.14,0,0,0
10-Oct-2008,48.72,0,0,0
08-Oct-2008,48.74,0,0,0
07-Oct-2008,48.01,0,0,0
06-Oct-2008,47.46,0,0,0